ИД,ДЕФОЛТ60 (Прогноз),Скоринговый балл
6047,0,0.210891266255894
6048,1,0.39185441691927514
6049,1,0.40252413369524753
6050,0,0.31826114429478347
6051,1,0.37192970959205285
6052,0,0.22346650613115907
6053,1,0.6221494495651068
6054,0,0.15101153517591998
6055,1,0.4081059686377358
6056,1,0.8046722432062747
6057,1,0.4935034375852824
6058,1,0.6643201105323208
6059,1,0.4782412393515567
6060,1,0.8341669980903655
6061,1,0.6233788282569773
6062,1,0.38181424002032766
6063,0,0.2647753033594781
6064,0,0.3277021378557492
6065,1,0.5582223330544532
6066,1,0.7088190904235374
6067,0,0.2963561279096701
6068,1,0.7203402301001839
6069,1,0.42563002294032326
6070,1,0.5403058334881449
6071,0,0.24500101024250864
6072,0,0.2896426640321782
6073,1,0.4486093711607703
6074,1,0.42827240977655984
6075,1,0.4175858402843607
6076,1,0.5187495999390409
6077,0,0.2747249042925891
6078,1,0.6126022114224811
6079,1,0.3645648427774575
6080,1,0.6476072949238951
6081,1,0.6375757956754716
6082,0,0.3307837718088386
6083,0,0.29565174722567766
6084,1,0.5909660503164663
6085,0,0.27224647691236253
6086,0,0.3143174944846653
6087,0,0.3444825672535706
6088,1,0.8540690794100367
6089,1,0.6906551955374132
6090,1,0.5692299864425344
6091,1,0.5747867138660007
6092,1,0.5081705504252012
6093,1,0.458009259930801
6094,1,0.536314657559165
6095,1,0.38206282974516115
6096,1,0.5335200064042518
6097,1,0.533632716741058
6098,0,0.3401494560208383
6099,1,0.542002627520289
6100,1,0.5236097746020615
6101,1,0.6035198990023135
6102,1,0.4229531352539224
6103,1,0.725668378828484
6104,1,0.5799913494826119
6105,1,0.7577333229162503
6106,1,0.4072223870950991
6107,1,0.5131757375126346
6108,1,0.4414805967614494
6109,1,0.7363285752341819
6110,1,0.49163878737607825
6111,0,0.2954764067636473
6112,1,0.48809980319717494
6113,1,0.44637360824261807
6114,0,0.3256102815582555
6115,1,0.4656039767856607
6116,1,0.40363674072226974
6117,1,0.6052256146930114
6118,1,0.359061436062328
6119,1,0.36053019738153225
6120,1,0.5586387134298378
6121,1,0.3540666976726617
6122,0,0.12942928779546298
6123,1,0.6085713895901975
6124,0,0.3337108021594372
6125,1,0.46423179301506584
6126,1,0.6595009678563192
6127,1,0.8780274595853182
6128,1,0.6336746951014897
6129,0,0.34493706877279257
6130,0,0.09369380351260022
6131,1,0.4291607995381436
6132,1,0.4063770357080178
6133,0,0.3095988885727221
6134,1,0.5037968328742884
6135,1,0.584176830347284
6136,0,0.19797214743765368
6137,1,0.5935419967257017
6138,0,0.28586940617698553
6139,0,0.3111114946877853
6140,1,0.3605118487316277
6141,1,0.3885897867907749
6142,1,0.5166778727665396
6143,1,0.3507813668185885
6144,1,0.6210737193444434
6145,1,0.5225942867253089
6146,0,0.22024714418192962
6147,1,0.3721689840878953
6148,1,0.7287805231187483
6149,1,0.41306109451905765
6150,0,0.24263683769708738
6151,1,0.4876319140745734
6152,0,0.2755664667795381
6153,0,0.2525247587367941
6154,1,0.4986038320439701
6155,1,0.656690068190375
6156,0,0.3399471627235083
6157,0,0.24295920418820988
6158,1,0.39486641315981397
6159,1,0.5133490602715078
6160,1,0.5078940408814393
6161,1,0.474301235063048
6162,1,0.5113183097678968
6163,1,0.4821315209191277
6164,1,0.43586784718380767
6165,1,0.4633551561493702
6166,1,0.37794124000769486
6167,1,0.5726875296620915
6168,1,0.35729937566174713
6169,0,0.10771762998765028
6170,1,0.5492576522960261
6171,1,0.3976462534093593
6172,1,0.5056984807127518
6173,1,0.4168478516576788
6174,0,0.3446810672354433
6175,1,0.5760665581342769
6176,1,0.5192266811707811
6177,1,0.665942427882775
6178,1,0.43776954275764945
6179,1,0.6132985381666674
6180,0,0.2615398978091979
6181,0,0.3143212034387635
6182,1,0.46149191798761324
6183,1,0.7808846489408637
6184,1,0.6584310275582629
6185,1,0.5050969301387955
6186,0,0.2444895253743468
6187,1,0.4080152128131898
6188,1,0.6698655112945884
6189,1,0.36527913843640825
6190,1,0.43853685203251036
6191,1,0.3638649625368896
6192,0,0.1975639422380231
6193,1,0.5710712621936759
6194,1,0.44822492915267675
6195,1,0.45320036409552394
6196,1,0.39118058143718903
6197,1,0.3665256760862847
6198,1,0.5744512158800799
6199,1,0.48810686413135934
6200,1,0.6823256042875373
6201,1,0.41802831996237616
6202,1,0.6913659476675361
6203,1,0.40475460009636016
6204,1,0.6621450904960741
6205,1,0.4153026834546779
6206,1,0.3529797579015786
6207,0,0.2448598166159095
6208,1,0.6287400890821402
6209,1,0.4655705294062578
6210,1,0.4854831445246221
6211,1,0.4650612391884613
6212,1,0.6162343643751951
6213,1,0.6421211164445237
6214,0,0.16680754883284435
6215,0,0.17430798662028782
6216,0,0.14619625141132533
6217,1,0.6579239951993457
6218,0,0.2036771554675456
6219,1,0.5139824461843655
6220,1,0.4112387206278638
6221,0,0.19322644181554102
6222,1,0.5881216677868847
6223,1,0.5283290306444085
6224,1,0.4660281521718637
6225,1,0.6796914375544485
6226,1,0.37991288955237007
6227,1,0.44358368198269443
6228,1,0.6389974124385354
6229,0,0.25728062713424976
6230,0,0.22837663947944623
6231,1,0.6791196685857501
6232,0,0.3040005405304926
6233,1,0.6467296833957467
6234,0,0.26558558874543087
6235,1,0.35357127850903325
6236,1,0.701768220130203
6237,0,0.3115234462331331
6238,1,0.5985171336832555
6239,1,0.422421721004239
6240,1,0.44559711365944304
6241,1,0.39306004339017864
6242,0,0.3230539011892027
6243,1,0.49140730492066614
6244,1,0.5971138002061762
6245,1,0.5793013641195056
6246,1,0.3804543989016329
6247,1,0.4788943483576009
6248,1,0.37643668646932293
6249,1,0.6896294528048172
6250,1,0.49780804078571883
6251,1,0.3956133201061733
6252,1,0.45003927996484044
6253,1,0.4662642253768002
6254,1,0.5280018872681278
6255,1,0.6057000297620241
6256,1,0.5739026260498538
6257,1,0.39660324337632874
6258,0,0.31824211846207384
6259,1,0.386262989183527
6260,1,0.3665055268808072
6261,1,0.3753724001656198
6262,1,0.481967649873011
6263,1,0.5160627251420897
6264,1,0.5939913212352791
6265,1,0.44024085285717307
6266,1,0.7158074656158279
6267,1,0.6966009882344678
6268,1,0.6679150580636048
6269,1,0.5001266612449559
6270,1,0.48639137409363664
6271,1,0.46287909917393316
6272,0,0.17357177266289717
6273,0,0.27411430389649233
6274,1,0.5464383310485329
6275,1,0.589986970590968
6276,1,0.580533723075464
6277,0,0.2768504238159346
6278,1,0.7717662156512943
6279,1,0.785320212556426
6280,1,0.45050819638261863
6281,1,0.7456468585822297
6282,0,0.34126991767299747
6283,1,0.45852141346853
6284,1,0.38771066626412504
6285,1,0.6354723908449319
6286,1,0.49763684106343675
6287,1,0.5525034545894528
6288,1,0.4616928729981456
6289,1,0.38910618810000286
6290,1,0.5953088045446168
6291,1,0.5559331167358847
6292,1,0.47367738116932423
6293,1,0.6120972505728007
6294,1,0.4210398555443998
6295,1,0.698384660946211
6296,1,0.5261366392634302
6297,1,0.5284669422880275
6298,1,0.4422002296836196
6299,1,0.4006863147877777
6300,1,0.7669415651085771
6301,1,0.4594022057159966
6302,1,0.5744632582241994
6303,0,0.3410174314340674
6304,1,0.7725320605739328
6305,1,0.6246074512597849
6306,1,0.6651327339890202
6307,0,0.22935667763278014
6308,1,0.762740095118114
6309,1,0.4042843375335087
6310,1,0.589742955606574
6311,1,0.6234263713317502
6312,0,0.30747853659291713
6313,1,0.5373528810640812
6314,1,0.45434910578590404
6315,1,0.7195568982371319
6316,1,0.5563233211438784
6317,1,0.7596438867627059
6318,1,0.5975155261425035
6319,1,0.6799222262860426
6320,1,0.43628072736350837
6321,0,0.11522177681614086
6322,1,0.5251075925764487
6323,1,0.3908245095076921
6324,0,0.24036447753154067
6325,0,0.31048352637521476
6326,0,0.3056021161546115
6327,1,0.49871190104289503
6328,1,0.49573427015013605
6329,0,0.27040613609250436
6330,1,0.4405960871673369
6331,1,0.4483632329325076
6332,1,0.5638830103728886
6333,1,0.6734200112782034
6334,1,0.6709703368812978
6335,1,0.7765443453042639
6336,0,0.25728689798324994
6337,1,0.448520007049717
6338,1,0.5827088552754348
6339,1,0.43545017046829787
6340,1,0.532103687919357
6341,1,0.544619346446031
6342,1,0.500343244419754
6343,1,0.38734763291407953
6344,1,0.4182859076003557
6345,0,0.2437919543300869
6346,1,0.4077343524540637
6347,1,0.8180303092020801
6348,1,0.7430299329148551
6349,1,0.5287242101888898
6350,1,0.3565910953255835
6351,1,0.47334712418047087
6352,1,0.36899582505411105
6353,1,0.687228746159754
6354,0,0.15496407303298618
6355,0,0.32975743069883634
6356,1,0.38703663189905313
6357,1,0.5144829785138868
6358,1,0.372219099729237
6359,1,0.4451853648893781
6360,1,0.41703313176786955
6361,1,0.6576120068294363
6362,0,0.2876578509651349
6363,0,0.3325181597884063
6364,1,0.35325373251081116
6365,1,0.4352568523737891
6366,1,0.5227536019785711
6367,0,0.2329357404443412
6368,1,0.6175735078660726
6369,1,0.559057419385817
6370,1,0.6482505068896836
6371,1,0.48606129325267683
6372,1,0.5817818188109153
6373,1,0.845537834960349
6374,1,0.4902981200607161
6375,0,0.2586414091365893
6376,1,0.5638520969844747
6377,1,0.6914363484616259
6378,1,0.6849033302339176
6379,0,0.34262688730613167
6380,1,0.3532818204178026
6381,1,0.46840276843185025
6382,1,0.4042843375335087
6383,1,0.6794756617096852
6384,1,0.7267558466237134
6385,1,0.7112506445228194
6386,1,0.625848948083328
6387,1,0.49074119708058156
6388,1,0.8521855096638313
6389,1,0.798344352157102
6390,1,0.42991103777430384
6391,1,0.4072771083754588
6392,0,0.22268329560974326
6393,1,0.40876389089493237
6394,1,0.36356624952620037
6395,1,0.6566812384400343
6396,1,0.5259611042132069
6397,1,0.5633240616125273
6398,0,0.3152079247370577
6399,1,0.4678013958154861
6400,1,0.6921123800796111
6401,1,0.5341765254452382
6402,1,0.5969024186911194
6403,1,0.4054689285079305
6404,1,0.44509647108032774
6405,1,0.5827977196410637
6406,1,0.4754669999027803
6407,1,0.515790181752192
6409,1,0.7754608367017491
6410,0,0.33909931766229673
6411,1,0.7848507461203913
6412,1,0.7691903562547805
6413,1,0.5769174428774867
6414,1,0.48691778176163725
6415,0,0.25729451361734695
6416,1,0.7597050265191239
6417,1,0.43350526717716165
6418,0,0.15177917730866194
6419,1,0.7608408655829233
6420,1,0.4746124658401249
6421,1,0.7315520443047364
6422,1,0.7387928183791135
6423,1,0.3698719764613747
6424,1,0.6941224515477801
6425,1,0.65007567849395
6426,1,0.7444429544274314
6427,1,0.607573561941861
6428,1,0.7140336413834711
6429,1,0.6326346684200256
6430,1,0.7761041932156068
6431,1,0.4018631522392684
6432,1,0.7636668773403376
6433,1,0.42523729457061327
6434,1,0.4772630842881589
6435,1,0.6785724203885296
6436,1,0.36333474185698855
6437,0,0.25268039596809755
6438,1,0.6327089251686236
6439,1,0.7354302005330166
6440,1,0.5274741938353944
6441,1,0.6391797648353866
6442,0,0.29260186283352957
6443,1,0.7662764518581423
6444,1,0.6709600497220416
6445,0,0.2163143997693733
6446,1,0.7168146365109138
6447,1,0.5238996249827307
6448,1,0.47427101453526
6449,1,0.6956342200490333
6450,1,0.7636733047487207
6451,1,0.5627899971893446
6452,1,0.3747095846650946
6453,1,0.38937383237220935
6454,1,0.7684690823763364
6455,1,0.4086047863045195
6456,1,0.7033414395506287
6457,1,0.38262514598336256
6458,1,0.6039530169647677
6459,0,0.34160678443140924
6460,1,0.47230157250969046
6461,0,0.31577652555760327
6462,1,0.7250345531651544
6463,1,0.7065920688064767
6464,1,0.45938801566411325
6465,1,0.5936493575194299
6466,1,0.7885498813244551
6467,0,0.2266058614752061
6468,1,0.5154606112931376
6469,1,0.39348823276952866
6470,1,0.5979971170154206
6471,1,0.6436428122767498
6472,1,0.6554347221486282
6473,1,0.48836881663888
6474,1,0.5993595985478679
6475,1,0.6577156199400378
6476,1,0.5020161422145019
6477,1,0.5628251047364001
6478,1,0.7425339341328756
6479,1,0.7767030525757161
6480,1,0.624076545859664
6481,1,0.5630979009852016
6482,0,0.18617316681480867
6483,1,0.5618224182299741
6484,1,0.5748997409797538
6485,0,0.24827063273157562
6486,1,0.7040645832149933
6487,1,0.6712861966993898
6488,1,0.4441519371795535
6489,1,0.5796927500337787
6490,1,0.4352876874746996
6491,1,0.4230548375095144
6492,1,0.7270289027910036
6493,1,0.38942594567629163
6494,0,0.3390932431398054
6495,1,0.6433481932963975
6496,1,0.49600191250136294
6498,1,0.4460638872696624
6499,1,0.43703580849063506
6500,1,0.5008456720972281
6501,1,0.7039262448298669
6502,1,0.48173212293670237
6503,1,0.4592018183437887
6504,1,0.49881281716457904
6505,1,0.5702510289063092
6506,1,0.7384943561503798
6507,1,0.7256023331385119
6508,1,0.544832676732793
6509,1,0.5517394733328383
6510,1,0.5289115252471698
6511,1,0.5616321404596339
6512,1,0.5476147986144431
6513,1,0.5744632582241994
6514,1,0.6058665870745438
6515,0,0.30250186033329135
6516,1,0.6713390830675598
6517,1,0.7108240118190795
6518,1,0.35723777840169596
6519,1,0.4303518725469256
6520,1,0.5288552444447585
6521,1,0.6145263815142881
6522,1,0.4098317443848056
6523,0,0.2067557438262788
6524,1,0.5169864401181029
6525,1,0.5925772786841149
6526,1,0.7972535033925296
6527,1,0.4611847557492556
6528,1,0.5660800027809584
6529,1,0.49423867011358436
6530,0,0.32321940173605807
6531,1,0.5872914842426487
6532,1,0.414304365898568
6533,1,0.6740811938878998
6534,1,0.5956931416392094
6535,1,0.3850795663809499
6536,0,0.3410843659220209
6537,1,0.3590920577605834
6538,1,0.4871678459365707
6539,1,0.7791634587794037
6540,1,0.43552274744219255
6541,0,0.3332044710239207
6542,0,0.2299938025295744
6543,1,0.7264266837004993
6544,1,0.7356804084467946
6545,1,0.7052061145556006
6546,1,0.689355742263609
6547,1,0.8619854888105757
6548,1,0.5410356810243665
6550,1,0.6488716606357392
6551,1,0.5602128018731525
6552,0,0.2716778310683064
6553,0,0.3185714639288306
6554,1,0.6449516214739539
6555,1,0.6263363430482068
6556,1,0.6576699958030194
6557,1,0.48431575895657336
6558,1,0.5997733429302677
6559,1,0.6295404310629312
6560,0,0.31556419474278163
6561,1,0.5799799646417236
6562,1,0.665299922613707
6563,1,0.6927878173344021
6564,1,0.6586916914342749
6565,1,0.7292401655225077
6566,1,0.6999943382548494
6567,1,0.8042566588735798
6569,0,0.22455225507152687
6570,1,0.8149503772793727
6571,1,0.3534358426487533
6572,0,0.14705729733308462
6573,1,0.3544353211673732
6574,0,0.32122759251897604
6575,1,0.7497631981762326
6576,1,0.4200740977647131
6577,1,0.6688292891484507
6578,1,0.6511935722527622
6579,1,0.4724568559321242
6580,1,0.578879003425219
6581,1,0.6849437122543145
6582,1,0.4405009552509173
6583,1,0.7101628347836679
6584,1,0.47650211621824157
6585,1,0.5737084587289426
6586,1,0.7343186629767833
6587,0,0.2809217451209766
6589,1,0.5952380311273183
6590,1,0.5523287310168543
6591,1,0.46245965273319456
6592,1,0.6159017297383061
6593,1,0.6505318491019333
6594,0,0.25737828773532334
6595,1,0.4885187754784874
6596,1,0.5231619435882968
6598,1,0.5696994115055626
6599,1,0.4468669995306746
6600,1,0.3623904998998548
6601,0,0.28136974436393297
6602,1,0.6091568484444552
6603,1,0.8172047583808147
6604,1,0.6316105504153282
6605,1,0.5406200365292666
6606,1,0.545176057157195
6607,1,0.43581695880281773
6609,1,0.41176234789895294
6610,0,0.28628605890172487
6612,0,0.32942145732614314
6614,1,0.6022937720381331
6618,0,0.24998902464143105
6621,1,0.5604202092009785
6622,1,0.623455541092872
6626,1,0.7288421852540408
6627,1,0.5114311046752041
6628,1,0.45352372704285454
6629,0,0.3460595413007027
6632,0,0.29304198485464195
6633,0,0.33641894602765005
6634,1,0.5207448971240641
6635,1,0.49830347449087753
6639,1,0.5430775062239587
6641,0,0.19103038673314057
6643,1,0.6155915629804559
6644,0,0.26820581748338396
6645,0,0.21847074482224374
6646,1,0.4483650733143089
6647,1,0.729740914506156
6648,1,0.43936876393917523
6649,1,0.5140926984758273
6650,1,0.4706799864113845
6652,1,0.4767114840193935
6654,1,0.4414512488260067
6658,0,0.28939258535928564
7031,1,0.5606811174232383
7032,1,0.5693858239199535
7038,1,0.4522356319983312
7568,1,0.3828234635332354
7569,1,0.4123941530195214
7570,0,0.26619991180898717
7571,1,0.38538878642364066
7572,1,0.5244105513447241
7573,0,0.32008157777637436
7574,1,0.7118402178781538
7575,1,0.43072380078310635
7577,1,0.6676450130530875
7578,1,0.4461493868887638
7579,1,0.4193499057345683
7580,1,0.4772252738510149
7581,0,0.34702128728480386
7582,0,0.3190437509870658
7583,1,0.42082032181045376
7584,1,0.36805932893565213
7585,1,0.5967795761685398
7586,1,0.5999808454237527
7587,1,0.39104801547496076
7588,1,0.5977934613259828
7589,1,0.4887273161232527
7590,0,0.31314726982621194
7591,1,0.4121942077315427
7592,1,0.7578953739036037
7593,1,0.6077024734490685
7594,1,0.5569371445008092
7595,1,0.5164521820230377
7596,1,0.6866994217786699
7597,1,0.7700054787341581
7598,0,0.3373165266337813
7599,1,0.4305869722521301
7600,1,0.5668225662676118
7601,0,0.2528573951691663
7602,1,0.4863351581209714
7603,1,0.5972039056465798
7604,1,0.5821466597298093
7605,1,0.37292936987749903
7606,1,0.8232158934480791
7607,1,0.6297810701519243
7608,1,0.6941300079290226
7609,0,0.2826853093181886
7610,0,0.27505821981387557
7611,1,0.5801110564797701
7612,1,0.5199091721222832
7613,1,0.5712633569488437
7614,1,0.4876459410138108
7615,0,0.18846013036571543
7616,1,0.419475312150748
7617,1,0.45616978768016175
7618,1,0.4793456782954823
7619,1,0.4266406081702022
7620,1,0.3642670067921493
7621,1,0.5055766959454624
7622,1,0.4173083613332976
7623,0,0.3229566132100219
7624,0,0.19726569977377997
7625,1,0.48931235230851616
7626,1,0.5186370176843247
7627,0,0.12307905304901404
7628,1,0.7432142603483718
7629,1,0.36269865357057196
7630,1,0.3725998846763814
7631,1,0.5767533482626505
7632,0,0.29525056686220436
7633,1,0.3935016091363066
7634,1,0.5615437664495101
7635,1,0.35102118882260924
7636,1,0.6509622744421582
7637,1,0.6695409454052762
7638,1,0.572670995494282
7639,1,0.5215149519388889
7640,0,0.2792113495948258
7641,1,0.46696525568414676
7642,1,0.5544288733174038
7643,1,0.44849770673349904
7644,1,0.660439705478973
7645,1,0.4807269440305416
7646,1,0.7170134832031896
7647,1,0.5179349222397861
7648,1,0.5053957595627708
7649,1,0.6274808506003636
7650,0,0.3112038621446703
7651,1,0.38430317898131533
7652,1,0.5843544800493522
7653,1,0.7520497064967935
7654,1,0.4312608435948496
7655,0,0.34265415295383655
7656,1,0.7716642694357528
7657,1,0.7821318547208275
7658,1,0.6699748680072284
7659,1,0.45646213696248017
7660,1,0.70398721637674
7661,1,0.6214761372453125
7662,1,0.42151375380751416
7663,1,0.5465837777517483
7664,0,0.309670846989219
7665,1,0.47046658662540625
7666,1,0.4535343981799549
7667,0,0.3438279770493849
7668,1,0.6186922700850259
7669,1,0.5060570169283957
7670,0,0.18373043896333965
7671,1,0.39726920764688517
7672,1,0.3596748665964998
7673,1,0.3963373617985379
7674,1,0.5560027152800298
7675,1,0.655579902757633
7676,1,0.38891188422032785
7677,1,0.5508209160834678
7678,1,0.5965383364091615
7679,1,0.5497124228261413
7680,1,0.6122095662794995
7681,0,0.2345343132281165
7682,1,0.3725620053483617
7683,1,0.49890552449590186
7684,1,0.5315869330469498
7685,1,0.6843308237368617
7686,1,0.7458030272625394
7687,1,0.6918023543075368
7688,1,0.390238781148916
7689,1,0.3519815457256824
7690,1,0.42804117819699133
7691,1,0.7167599463604866
7692,1,0.8187685659025735
7693,0,0.1994542039944661
7694,0,0.2917722182219554
7695,1,0.6247156610371177
7696,0,0.25374308246180316
7697,0,0.33916345109131335
7698,0,0.27161989308138684
7699,1,0.5697075474209367
7700,1,0.3716445314380187
7702,0,0.34629803988822777
7703,1,0.7051283873231264
7704,1,0.43097097916341187
7705,1,0.4695498470443001
7706,1,0.36396477463910876
7707,1,0.42219208451968365
7708,1,0.41990050927732625
7709,0,0.2985958706488648
7710,1,0.46629842317429937
7711,1,0.6501346597002606
7712,0,0.3180333955178781
7713,0,0.27256532740790695
7714,1,0.4601461975025156
7715,1,0.6210745961796192
7716,0,0.33011116347328484
7717,1,0.42460446830732285
7718,1,0.4883560823539946
7719,1,0.6028199505340166
7720,0,0.14706888250158276
7721,1,0.3521237192596027
7722,1,0.7629416001751497
7723,1,0.6625808995508237
7724,0,0.3481878490753358
7725,1,0.6967271920149731
7726,1,0.6434842960162185
7727,1,0.624799680755141
7728,1,0.42511141460574803
7729,1,0.5749918659353509
7730,1,0.43043308881685516
7731,1,0.5782909842844699
7732,1,0.4693910562410615
7733,1,0.585194307642764
7734,1,0.41967291021523595
7735,1,0.41490404671473946
7736,1,0.616447973233121
7737,1,0.6559701135154972
7738,1,0.48679728246586357
7739,1,0.5468052110265978
7740,1,0.5097832708975402
7741,0,0.3162209166056841
7742,1,0.35155555320670007
7743,0,0.2866420263133699
7744,1,0.6668652407188346
7745,0,0.2958676158364785
7746,1,0.39247169941337606
7747,1,0.6464059070453082
7748,1,0.5334618332996744
7749,1,0.47860098922787464
7750,1,0.5271373584960143
7751,0,0.15952753748005483
7752,0,0.24490269108987325
7753,1,0.5902755728884453
7754,1,0.6271580537140167
7755,1,0.4009313616801004
7756,1,0.4441386520292322
7757,1,0.5518571488551156
7758,0,0.2786564426429623
7759,1,0.523310541774994
7760,1,0.6391585405137519
7761,1,0.43849876034088214
7762,0,0.3146390102803434
7763,1,0.40357602573260876
7764,0,0.2982245338750572
7765,0,0.33247715871043304
7766,1,0.6285852184432581
7767,0,0.3457888031514069
7768,0,0.32810784757587724
7769,1,0.380818085750181
7770,0,0.3468880855256
7771,0,0.33643372793386
7772,0,0.3078714057536217
7773,0,0.26207634561957
7774,1,0.700416474640396
7775,1,0.3519360989074401
7776,1,0.5215504391614918
7777,1,0.5073736085628825
7778,1,0.8215161460677246
7779,1,0.4049948876653704
7780,0,0.265051568812642
7781,1,0.6991209823072477
7782,0,0.2031261960616627
7783,1,0.43823127032564946
7784,1,0.5791226666659913
7785,1,0.44110382321292546
7786,0,0.32959920834791456
7787,1,0.5436678370179775
7788,1,0.38875403411757814
7789,1,0.6334434802021908
7790,1,0.6782404647234888
7791,0,0.24623921922079034
7792,1,0.37899003312899654
7793,1,0.3983479525641436
7794,1,0.41640098772208656
7795,0,0.309378180834283
7796,0,0.2199482058169843
7797,0,0.11684271212974333
7798,1,0.3594546010650152
7799,1,0.7437489730136325
7800,0,0.2189334391823633
7801,1,0.495071246988436
7802,1,0.6432719568486329
7803,1,0.5862896718272356
7804,1,0.45189836714782894
7805,1,0.4950847051422192
7806,1,0.587693643553309
7807,1,0.533484662929982
7808,1,0.5681790280310453
7809,1,0.5680779662271958
7810,0,0.29218037970359056
7811,1,0.41278921346266984
7812,1,0.6080371930396139
7813,1,0.3530722491871621
7814,1,0.5243708449497013
7815,1,0.5858595446396427
7816,1,0.5068232330151917
7817,1,0.6146074377710421
7818,1,0.5524505023255667
7819,1,0.4997818681287983
7820,1,0.390634969124822
7821,1,0.6572138473125895
7822,0,0.3064973154880766
7823,0,0.19773634774235768
7824,1,0.515243101646744
7825,1,0.6145904741590721
7826,1,0.501625682268228
7827,1,0.44381412991308
7828,0,0.2777718524854075
7829,0,0.3322223165295404
7830,0,0.2459867050009902
7831,0,0.18282411190647818
7832,1,0.6254102829309333
7833,1,0.4054181515391886
7834,1,0.4725765187494175
7835,1,0.5978064837431716
7836,0,0.3475920328878117
7837,1,0.47870949591756456
7838,1,0.5603451315383904
7839,1,0.6875529139290188
7840,0,0.25967182892294144
7841,1,0.49814118494824844
7842,0,0.34441566874025087
7843,1,0.48775151876651596
7844,1,0.3891544176187678
7845,0,0.2824907710534805
7846,1,0.41659293242133594
7847,1,0.5965682588734954
7848,1,0.6892011251433201
7849,1,0.47017473616860006
7850,1,0.7153767900845839
7851,1,0.5500628382458066
7852,1,0.44653304708025815
7853,0,0.27182304488251763
7854,1,0.535924568158899
7855,0,0.18937218741964432
7856,1,0.391019521249978
7857,0,0.23532837865775302
7858,0,0.2258173871149722
7859,1,0.6376375176665475
7860,1,0.3903582120505077
7861,1,0.6403279918552511
7862,1,0.711466102735874
7863,1,0.59707126342755
7864,1,0.46816198484595967
7865,1,0.38137190970302853
7866,0,0.32319240140116345
7867,1,0.5474500572977744
7868,1,0.42165766594199056
7869,1,0.5338023259199793
7870,0,0.27952686362093254
7871,1,0.6751290416844827
7872,0,0.3102272757153512
7873,0,0.21153348497019267
7874,0,0.32424550793431856
7875,1,0.5026687855640843
7876,0,0.18528320971638446
7877,0,0.17668351403584445
7878,1,0.4958763799957941
7879,0,0.2778510596278275
7880,0,0.182623064615063
7881,0,0.2480766516670567
7882,1,0.6049795286934698
7883,1,0.3826951568254638
7884,1,0.6511851306916936
7885,1,0.6788788576218104
7886,1,0.5409868586114142
7887,1,0.4160689770337726
7888,1,0.47526280142062904
7889,0,0.2719089432397359
7890,1,0.5686055351982945
7891,0,0.3402708732154783
7892,1,0.42641005036639457
7893,1,0.37484419660609614
7894,1,0.35837696800743196
7895,0,0.2895358849826787
7896,0,0.19415479815357703
7897,1,0.6634616784670611
7898,0,0.21741716050476145
7899,0,0.27020035829904787
7900,1,0.35896267253956726
7901,0,0.31151183200125954
7902,1,0.6536894305670324
7903,0,0.21806401010883117
7904,1,0.3655757959581137
7905,1,0.6433474262257624
7906,1,0.5214206869525905
7907,1,0.38986623066740034
7908,1,0.6054509716222564
7909,1,0.6110253866195001
7910,1,0.6654133292608404
7911,1,0.5007315020810919
7912,0,0.3396654600568239
7913,1,0.5021495528527328
7914,1,0.6331901491480488
7915,1,0.49369361471152484
7916,1,0.47691626745671767
7917,0,0.27577934340123983
7918,0,0.33655547646254474
7919,1,0.46914907782889403
7920,0,0.3235316101318789
7921,1,0.47668334929976586
7922,1,0.4636532970028223
7923,1,0.7769796648117832
7924,1,0.4908481227701518
7925,0,0.231269901548208
7926,1,0.5379092746918722
7927,1,0.5489646130324463
7928,1,0.4958639969649775
7929,1,0.7143617089482257
7930,1,0.4865770926730228
7931,1,0.6011302744209341
7932,1,0.515810193913632
7933,1,0.6702788091021071
7934,1,0.5599741587844594
7935,1,0.41897530959225965
7936,0,0.19915985426759342
7937,1,0.5175541837089406
7938,0,0.2734634636119573
7939,0,0.30373893084296105
7940,1,0.7243647330160359
7941,1,0.3918805259051951
7942,0,0.3412725040614353
7943,1,0.5693291935548523
7949,1,0.5536714845486925
7952,1,0.4508971449217353
7954,0,0.2925664991590772
7964,1,0.3833658655443625
7965,0,0.17865246324036527
7973,1,0.422515493954098
7980,1,0.5928056501732085
7981,1,0.5449914755732032
7985,1,0.6496135408911727
7986,1,0.5652888330681457
7990,1,0.8272965341815419
7994,1,0.7870375936117933
8015,1,0.39388952477134864
8016,0,0.28989012829346855
8017,1,0.4975576506902466
8018,1,0.6197744213066521
8019,1,0.6194013096698707
8021,0,0.2707525051744349
8022,1,0.46781105584591237
8023,1,0.44897178784542263
8024,1,0.675510888830651
8025,0,0.3055163884770401
8026,1,0.6863435491324544
8027,1,0.5231994393719005
8028,1,0.5082156934401197
8029,1,0.5229632461019336
8030,1,0.41858149886455115
8031,0,0.2927082414505867
8032,1,0.5146073564149164
8033,0,0.2565161387304273
8034,1,0.598865161117258
8035,1,0.3881113219513046
8036,1,0.5227084682912433
8037,1,0.45574963679634783
8038,1,0.808085313583424
8039,1,0.37901224049837273
8040,0,0.34503894800402474
8041,1,0.5224377223920077
8042,1,0.3748225763628287
8043,0,0.284443299520343
8044,1,0.5706653010879031
8045,1,0.4852958231673526
8046,1,0.42470541627610564
8047,1,0.5292946652287857
8048,0,0.3408506964916189
8049,1,0.3869813120167775
8050,0,0.3022576473308719
8051,0,0.25357649034781066
8052,1,0.5631761195377338
8053,0,0.33967922304960313
8054,1,0.44196299217380897
8055,0,0.3443000659311231
8056,1,0.7423010795590994
8057,1,0.4574764167326518
8058,0,0.2686585515625915
8059,1,0.3520442505419397
8060,1,0.47417754673501994
8061,1,0.6106262407279838
8062,1,0.523489952893515
8063,1,0.6168140675755889
8064,1,0.3876706804804285
8065,1,0.5254646733776254
8066,1,0.49473271831648163
8067,1,0.5378428623692683
8068,1,0.45036847997424484
8069,1,0.3982036214387187
8070,1,0.8712159805740183
8071,1,0.7933443295481807
8072,1,0.6263023350712071
8073,0,0.1949415009696957
8074,1,0.4387780850050429
8075,1,0.4524980161855416
8076,1,0.5652597071694131
8077,0,0.34464301686438165
8078,1,0.3515714775494446
8079,0,0.19518183230787695
8080,1,0.5529282267428688
8081,1,0.4683582765195354
8082,1,0.5227870177765652
8083,1,0.6148920087808581
8084,1,0.6311319655300833
8085,1,0.6382445221098054
8086,1,0.5642724316002119
8087,0,0.2178896712767362
8088,1,0.3887143439919169
8089,1,0.46974920164387174
8090,1,0.6238803128371322
8091,1,0.5383577517667144
8092,1,0.4410831811743651
8093,1,0.6746091118556015
8094,1,0.46791112412533
8095,0,0.33010151453423753
8096,0,0.3401180356698779
8097,1,0.3631603520989952
8098,0,0.2657967153638668
8099,0,0.1568101711453583
8100,1,0.7152109860371504
8101,1,0.5801785745038412
8102,0,0.3295664406630785
8103,0,0.2381129695513738
8104,1,0.8449722294485154
8105,1,0.5935987004739957
8106,1,0.49197629505838436
8107,0,0.31812287866744554
8108,1,0.6657800392151912
8109,1,0.39978931557571956
8110,1,0.809496369160035
8111,1,0.6182795378966692
8112,0,0.2137328651350967
8113,1,0.5438021396892849
8114,1,0.69739234588104
8115,1,0.38670136879744094
8116,1,0.6005743395094064
8117,1,0.6880560450782324
8118,1,0.3657799277045627
8119,1,0.4454377521957706
8120,1,0.5310253082693912
8121,1,0.6235352360289392
8122,1,0.4177921650688276
8123,1,0.41509337871416313
8124,1,0.3919919558994676
8125,0,0.16155448761561736
8126,1,0.4395705710806066
8127,0,0.24279498532681706
8128,1,0.4646085571514089
8129,1,0.39628703792934317
8130,1,0.45595011538550184
8131,1,0.7592777619418913
8132,1,0.6115341944123369
8133,1,0.40111898774355864
8134,1,0.5119734352041471
8135,1,0.5233902179869795
8136,1,0.460673832845933
8137,0,0.2156939429183536
8138,1,0.5512519810098208
8139,0,0.19185665775803334
8140,0,0.3202634666040034
8141,0,0.2565720795891936
8142,1,0.4903432428350172
8143,1,0.4889318727986548
8144,1,0.5975950372719638
8145,1,0.5423771858050038
8146,0,0.2418199231816697
8147,1,0.36605067344878206
8148,0,0.3432845778806017
8149,1,0.7021336121265817
8150,0,0.3375425185023309
8151,1,0.4540037785054545
8152,0,0.3122060394898762
8153,1,0.6882926566489965
8154,1,0.6001565467130926
8155,0,0.20400914786051308
8156,1,0.35712439195311196
8157,1,0.3905104270071006
8158,0,0.3192548752991467
8159,1,0.5730264964554385
8163,1,0.8929090002848108
8164,0,0.31481477090018434
8165,0,0.30663324983371976
8166,1,0.7819785159382261
8167,0,0.3347331582855368
8168,1,0.46808423552930456
8169,1,0.5417706082348416
8170,1,0.43793974585406414
8171,1,0.5778464277567505
8172,1,0.37108149745366736
8173,0,0.3113456308181158
8174,1,0.6584327561369903
8175,1,0.6647439011987076
8176,1,0.6352512761899093
8177,1,0.6433525916922355
8178,1,0.4367645187692643
8179,1,0.5997229512201331
8180,1,0.6247573801323739
8181,1,0.4105899444862989
8184,1,0.4925396874568582
8185,1,0.6797019681123796
8186,1,0.38910631683370905
8187,1,0.5385140745992206
8188,1,0.4237546713959455
8189,1,0.42721827412341834
8190,1,0.4524751140100193
8191,1,0.4534325103481757
8192,0,0.3147081545083951
8193,1,0.5578782969124509
8194,1,0.809069373583431
8195,1,0.5330722172338677
8196,1,0.7221582957484977
8197,0,0.3166274276985246
8198,1,0.6940766257632499
8199,1,0.656673982558249
8200,1,0.7178163576877128
8201,1,0.6492130555176399
8202,1,0.4257703126495627
8203,1,0.6532065606311125
8204,1,0.44900942558203805
8205,0,0.32290444276626296
8206,1,0.479856917257097
8207,1,0.57737940171943
8208,1,0.5991639293404543
8209,1,0.6009314431735238
8210,1,0.6363489988432375
8211,1,0.6117476216350081
8212,1,0.6725680871259843
8213,1,0.4187392286748203
8214,0,0.27418077741929736
8215,1,0.5245198745592123
8216,0,0.2165035075307456
8217,1,0.7247090350321057
8218,1,0.48602812704051124
8219,0,0.29196194917994234
8220,1,0.35249269242572506
8221,1,0.48114477214920626
8222,0,0.1819096426499703
8223,1,0.5186742498322469
8224,1,0.4083047973466375
8225,1,0.44653083592824866
8226,1,0.5919167505941757
8227,1,0.5975320898489432
8228,1,0.47650881292157937
8229,1,0.4429756159232909
8230,0,0.34847842238725923
8231,1,0.6647836929847769
8232,1,0.43216249163998105
8233,1,0.5904890291031698
8234,1,0.5965258156605995
8235,1,0.48149582906035004
8236,1,0.6838794152591123
8237,1,0.45870496139181427
8238,1,0.7414726861375488
8239,1,0.6636098330472758
8240,0,0.0989542100775036
8241,1,0.39157266067647395
8242,0,0.3464793560702663
8243,1,0.35845046119640506
8244,0,0.31433335855345723
8245,0,0.32109169587041003
8246,1,0.5700961457661745
8247,1,0.38599218169611843
8248,1,0.4759833213702608
8249,1,0.4693689227940698
8250,1,0.4091405687516057
8251,1,0.4337899698666983
8252,1,0.5880142967062751
8253,1,0.48645006771558347
8254,1,0.5846650450104519
8255,1,0.5859993668681862
8258,1,0.6181189411863641
8259,1,0.6603581890214477
8260,1,0.46388481758546385
8261,1,0.5087110687198346
8262,1,0.47179456540137
8263,1,0.4923404265179245
8264,1,0.37451455388720106
8265,1,0.7082619453587062
8266,1,0.3748001027480784
8267,1,0.37575051145459104
8268,1,0.3865332829276057
8269,0,0.14804002780932904
8271,1,0.3985289842776935
8272,1,0.6060563064947838
8273,0,0.3081871788213252
8274,1,0.5309361718022816
8275,1,0.43144072102689723
8276,1,0.36939368297288144
8277,1,0.6456068804540321
8278,1,0.35647037993328723
8279,1,0.4493691589223419
8280,1,0.7344860211941924
8281,0,0.18491336654488252
8282,1,0.5701243677406809
8283,1,0.7755497055973966
8284,0,0.21327235588453783
8286,0,0.179238947617805
8287,1,0.5899263978859118
8288,0,0.22690056280955076
8289,0,0.2814498158894765
8290,1,0.3859007910964566
8291,1,0.4085437409125465
8292,1,0.5240609668349028
8293,1,0.46778542043934446
8294,1,0.41338833237834804
8295,1,0.3668490117683712
8296,1,0.4520676039483043
8297,1,0.3509051072503213
8298,0,0.1563172119975739
8299,1,0.8075696683337366
8300,1,0.5533020158662876
8301,0,0.32992050496338776
8302,0,0.2932981866445424
8303,1,0.771915161809542
8304,1,0.4548905097296508
8305,1,0.4797449168347089
8306,0,0.24967902108363452
8307,1,0.5697970790888867
8308,1,0.49037921838092624
8309,0,0.31751846714723786
8310,1,0.44917083763759336
8311,1,0.5495282797679298
8312,1,0.5317984368455009
8313,1,0.7818293488826099
8314,1,0.4548913323694182
8315,0,0.33822748146156445
8316,0,0.3299653960268661
8317,1,0.47392576218632193
8318,1,0.5561181349386028
8319,1,0.5475364654921239
8320,1,0.6125307441286195
8321,1,0.41071728222754017
8322,1,0.4028609744023921
8323,1,0.3887745842524239
8324,1,0.408422630618006
8325,1,0.38210414103467144
8326,1,0.702449118127435
8327,0,0.26047061382985504
8328,0,0.2182638850613945
8329,1,0.4644532121412504
8330,1,0.471703812381783
8331,1,0.6488158301345546
8332,1,0.4535183946223586
8333,1,0.7032792243024422
8334,1,0.6395430072296646
8335,1,0.625063880456071
8336,1,0.7381904161038069
8340,1,0.4201323408545001
8341,1,0.577881285577991
8342,0,0.1927983359438792
8343,1,0.3622720489776754
8344,1,0.7190751743687818
8345,1,0.5597185865834164
8346,1,0.6278325445328496
8347,1,0.3943552037646483
8348,0,0.2558416523458861
8349,1,0.5896272295373419
8350,1,0.7144954928658918
8351,1,0.7411824850121115
8352,1,0.521910702319053
8353,1,0.5422817474719831
8354,1,0.5633998336175213
8355,0,0.29217321930612333
8356,1,0.5377738623682479
8357,1,0.7177244538413757
8358,1,0.6928964834842273
8359,1,0.5989868844247377
8360,1,0.5856959894051668
8361,0,0.3416369054096025
8362,1,0.6093954284017824
8363,1,0.8785937617853049
8364,1,0.4868917591469218
8365,1,0.49819850749339306
8366,1,0.4127805103096439
8368,1,0.4561735266778412
8369,1,0.5491033872214078
8370,1,0.4325645458721913
8371,1,0.638233026602974
8372,1,0.4696455251517758
8373,0,0.2732602840126655
8374,0,0.3353861551055346
8375,1,0.7996081270177351
8376,1,0.4104185803475958
8377,1,0.36750624329901954
8378,1,0.577481665810835
8379,1,0.4202093602633227
8380,0,0.32981010132272465
8381,1,0.6730631465572474
8382,1,0.4890107912879534
8383,0,0.20212764644116782
8384,1,0.4846430871113735
8385,1,0.6583121860425727
8386,1,0.6854437023629462
8387,1,0.5074392521217912
8388,1,0.6659647646070854
8391,1,0.5150622533920322
8392,1,0.7057564476786737
8393,1,0.4787864212583922
8394,0,0.19631166191145988
8395,1,0.39021318317199283
8396,1,0.41774641573188476
8397,0,0.17805814998864095
8398,1,0.6555189200496069
8399,0,0.3240764525936854
8400,0,0.30906886309069476
8401,0,0.31522870146354165
8402,1,0.6162533754879991
8403,1,0.4810659620834148
8404,1,0.4153326879755389
8407,0,0.25010027003212143
8408,1,0.4938248451163094
8409,1,0.5178050889365675
8410,1,0.7366083708739196
8411,1,0.41034211241205726
8412,1,0.623261242474858
8453,1,0.5003424297448285
8454,1,0.4193700282163023
8455,1,0.5199375239846125
8456,1,0.46169852804441136
8457,1,0.5460853198721246
8458,0,0.22230048900176871
8459,1,0.6912858495179391
8460,1,0.5129205854259784
8461,1,0.5411686776872943
8463,1,0.5100779135918371
8464,0,0.3287821771296597
8465,1,0.6686226222930788
8466,1,0.4649525050332666
8468,0,0.32068250716033264
8469,1,0.49245401244627346
8471,1,0.6515832033873307
8473,1,0.4111891548387473
8474,1,0.5703634140490375
8475,0,0.2872910092732547
8476,1,0.564922635924571
8478,0,0.24180347441855757
8479,1,0.6619964896895808
8480,1,0.5530303986275806
8481,1,0.36590885027919934
8482,0,0.34252545764798176
8483,0,0.29395590311042474
8484,1,0.35420347577445904
8485,1,0.7614205016247646
8486,1,0.6442500178198785
8487,1,0.7009809657006677
8488,0,0.31788431986459953
8489,1,0.48371269254597987
8490,0,0.2929131417599335
8491,0,0.13824630227016943
8492,0,0.2090771135205923
8493,1,0.40355767728725467
8494,1,0.3845680881037178
8495,0,0.2457647487522364
8496,1,0.39335214320785156
8497,1,0.43966210619647467
8498,1,0.5768559613641646
8499,0,0.14313943806317198
8500,1,0.6920137078909646
8501,1,0.43484614425836154
8502,1,0.3716165303389384
8503,1,0.41207383825550326
8504,0,0.3222269738250506
8505,1,0.5908426268404625
8506,1,0.4856291014281197
8507,1,0.6033602307465347
8508,0,0.30616676418260025
8509,1,0.6526084736540647
8510,0,0.34475624461541043
8511,1,0.5303529178285465
8512,1,0.7053275477497561
8513,0,0.12760571669027523
8514,0,0.2820436784360442
8515,1,0.7576027491823634
8516,1,0.7214905621049791
8517,0,0.32540360674409713
8518,1,0.35921679493325437
8519,1,0.5688432652894565
8520,1,0.5382213188325448
8521,1,0.6074409996229704
8522,0,0.1554013952521637
8523,0,0.16882827884415297
8524,1,0.5285104249294295
8525,0,0.24482065153540272
8526,1,0.638693763713276
8527,1,0.7805106067564538
8528,1,0.5667657831018035
8529,1,0.45491834297074335
8530,0,0.2704487475633538
8531,0,0.21492913443889866
8532,1,0.4446454034309216
8533,1,0.510621502461661
8534,1,0.729896780764662
8535,0,0.31201325700349825
8536,0,0.24244280117965655
8537,1,0.44006517107507337
8538,1,0.5630910522489875
8539,1,0.3766236032287064
8540,1,0.5301934686548249
8541,0,0.31155352485975013
8542,1,0.3867661352931067
8543,0,0.27217030556505467
8544,1,0.35411218574708186
8545,1,0.4402050968975592
8546,1,0.5207245812082091
8547,1,0.48130413969332797
8548,1,0.4397361141109683
8549,1,0.356920919025421
8550,0,0.21093968297323765
8551,1,0.5127645619281247
8552,1,0.6484135157191435
8553,1,0.689288173246653
8554,1,0.5938699741802452
8555,0,0.1555014756564913
8556,1,0.3946946689182508
8557,1,0.4932610178088362
8558,1,0.7748847360673268
8559,0,0.3002369798065724
8560,1,0.3873762067510285
8561,1,0.7213659467335622
8562,0,0.31659174391295314
8563,1,0.4676807844881494
8564,0,0.2635083464564859
8565,0,0.3347206544700535
8566,1,0.4747118112444706
8567,1,0.6430310614481662
8568,1,0.5395133100210543
8569,0,0.28407575778987804
8570,1,0.7040155612246085
8571,1,0.6628589407492559
8572,1,0.3844981117546605
8573,1,0.7009330646379986
8574,1,0.4382530429429803
8575,0,0.2595537111254275
8576,1,0.7645085544029733
8577,1,0.4209884734108185
8578,1,0.7250838610746063
8579,1,0.35371424402552554
8580,1,0.3911540321432261
8581,1,0.4070926551821932
8582,0,0.3380603278015741
8583,0,0.19983311438306223
8584,0,0.2522397102371163
8585,1,0.38781298928292085
8586,1,0.5268490452336203
8587,0,0.2738590149373165
8588,1,0.5694144956743932
8589,1,0.4489242040511201
8590,1,0.684569818187548
8591,0,0.19641424798207183
8592,1,0.6200048321765331
8593,1,0.6962435910598499
8594,1,0.39786864246760745
8595,0,0.3292023858550178
8596,0,0.304687783876614
8597,0,0.33282035956624
8598,1,0.38323463720132683
8599,1,0.6863003190994095
8600,0,0.2416413302168293
8601,0,0.29154856824673714
8602,0,0.29491805582890723
8603,0,0.28764443624381353
8604,1,0.49051104196773543
8605,1,0.571189394446066
8606,1,0.6900535173397938
8607,1,0.46365487126085164
8608,0,0.3149515493208287
8609,1,0.6837958351918104
8610,1,0.39893373431453005
8611,0,0.23843913579752476
8612,1,0.5681639126155852
8613,1,0.4927476455259371
8614,1,0.6308600395267181
8615,1,0.6659513774247557
8616,1,0.7649922357257615
8617,1,0.3594070940855576
8618,1,0.5351076966206281
8619,1,0.4082360316280096
8620,1,0.5818247766390419
8621,0,0.2564890150056989
8622,0,0.22214721553380093
8623,0,0.24645947911883442
8624,0,0.24478084377921572
8625,1,0.48209718635167786
8626,0,0.29180232280854956
8627,1,0.6385627315562287
8628,1,0.48039411998610293
8629,1,0.3756209975843799
8630,1,0.5646684655949873
8631,1,0.4630815886231949
8632,1,0.6597960008271624
8633,1,0.6151323187275041
8634,1,0.7037522744469648
8635,1,0.6041590549431557
8636,1,0.49765505335806676
8637,1,0.5197319919460489
8638,1,0.6013835468659765
8639,1,0.7295655870518416
8640,1,0.7026365176804507
8641,1,0.6536274642810838
8642,1,0.5532065095941795
8643,1,0.514126630001615
8644,1,0.7690734065173034
8645,1,0.5151076516692356
8646,1,0.6089382594900071
8647,1,0.7525871177374361
8648,1,0.36848468452037325
8649,1,0.5001686180098923
8650,1,0.5456462443558585
8651,1,0.7770233348861821
8652,1,0.6266806477960452
8653,1,0.38403913548874635
8654,1,0.6614892561864292
8655,1,0.6919522732834271
8656,0,0.2370285902593904
8657,1,0.7520829762504337
8658,1,0.61649328712945
8659,0,0.23974119019206974
8660,1,0.6104494900342807
8661,1,0.6105091517063956
8662,1,0.5168964316160589
8663,1,0.41830967907918803
8664,0,0.33556523956971696
8665,0,0.2789647109388523
8666,1,0.39775246127056124
8667,1,0.7930300633701806
8668,1,0.42863681439836704
8669,0,0.21145931384837302
8670,1,0.5807641104348645
8671,0,0.2777854530904663
8672,1,0.6745170016790157
8673,0,0.301803058959413
8674,1,0.46351017050753623
8675,0,0.3214012739364903
8676,1,0.5775698829929804
8677,0,0.2601745644945668
8678,1,0.4435207177545792
8679,1,0.6243606330021786
8680,1,0.49173852920010813
8681,1,0.47612644070440446
8682,0,0.20831157469330958
8683,0,0.3061899636145622
8684,0,0.30306136147298146
8685,1,0.40664040364836057
8686,0,0.207876352745832
8687,0,0.32839644030522563
8688,1,0.7897202180615409
8689,1,0.5563653858015405
8690,1,0.44552138619407095
8691,1,0.6104123102617147
8692,1,0.4223491999949835
8693,1,0.6551766357308975
8694,1,0.4514082003086553
8695,1,0.376167727147289
8696,1,0.5434671505149238
8697,1,0.417991281550579
8698,0,0.33230371422557703
8699,1,0.4480039691382383
8700,1,0.35489877666956393
8701,1,0.7035495424101715
8702,1,0.3873167153097245
8703,1,0.8335345694751966
8704,1,0.3915278969579965
8705,1,0.44314337136822335
8706,1,0.5207021833562806
8707,1,0.7108240118190795
8708,1,0.4560081140994707
8709,0,0.2145372416753851
8710,1,0.6659639404857786
8711,1,0.5486719842783222
8712,1,0.533093282759286
8713,1,0.5364263324606569
8714,0,0.25889829472787707
8715,1,0.46027035101863756
8716,0,0.24778123077526937
8717,1,0.5138628284785723
8718,1,0.6398604457044539
8719,1,0.5914925737137054
8720,1,0.49906287705687685
8721,1,0.36395532684886883
8722,1,0.7202219141440309
8724,1,0.3734665853369679
8725,1,0.46235315529702636
8726,1,0.7419970958778463
8727,1,0.6807667868722227
8728,1,0.5088394763257998
8729,1,0.38870620622191804
8730,1,0.408209653129562
8731,1,0.47240754131389284
8732,0,0.24437697332996577
8733,1,0.4622400411267307
8734,1,0.650532111122928
8735,0,0.2355493033055783
8736,1,0.37093401997552844
8737,1,0.37858928009349646
8738,1,0.41902523581477774
8739,1,0.38147334837540553
8740,1,0.40244708187470835
8741,1,0.4384460966268896
8742,1,0.3867074627322957
8743,1,0.4042535104594608
8744,1,0.6065707583896428
8745,1,0.4986334738933197
8746,1,0.3692566216225178
8747,1,0.4409458974338794
8748,1,0.45282998484650316
8749,1,0.4004932489358947
8750,1,0.6150511386303555
8751,1,0.4682822876005518
8752,1,0.7301181525936946
8753,1,0.5926470543651329
8754,1,0.4417048765774586
8755,1,0.5383207025997648
8756,1,0.46112898603299324
8757,1,0.433362482103281
8758,1,0.6688243652901994
8759,1,0.3798365929485609
8760,1,0.7233073770871618
8761,0,0.2680251884454403
8762,1,0.5430368499229876
8763,0,0.31771348528044124
8764,1,0.4004932489358947
8765,0,0.2102414740809766
8766,1,0.6749580506242007
8767,0,0.2617174218980289
8768,1,0.4519531148576884
8769,0,0.26017016117146213
8770,1,0.4171343242428243
8771,0,0.3062426984452795
8772,1,0.5590203715047349
8773,0,0.07426124918073315
8774,1,0.6814916939908374
8775,1,0.5960412301320505
8776,1,0.4414954206832311
8777,0,0.3046436864672692
8778,1,0.5681400694887336
8779,0,0.3225480881501433
8780,0,0.32881740351705613
8781,1,0.6187964800335051
8782,1,0.5771693867736346
8783,1,0.4219411171105602
8784,1,0.5816570082996828
8785,1,0.735516318995958
8786,1,0.6442670933852439
8787,0,0.24321213504428352
8788,1,0.41910914799662685
8789,1,0.5016243814741752
8790,1,0.7012218759909006
8791,0,0.2936728574928829
8792,1,0.5345459729852962
8793,0,0.11586701085127409
8794,0,0.2753098791475601
8795,1,0.703652098630474
8796,1,0.4336991279176378
8797,1,0.4536512863431927
8798,0,0.20365744674708225
8799,1,0.5197887399437131
8800,0,0.21480830874991783
8811,1,0.4807805043051621
8812,1,0.6462041242585895
8817,1,0.37473089525280096
8818,1,0.6629585399280996
8821,1,0.3896838136817606
8828,1,0.7724682975085108
8829,1,0.7638656111182794
8830,0,0.34048322787304297
8839,1,0.7196441848783665
8841,1,0.7122180480594074
8846,1,0.6915560161628378
8850,1,0.4009908014149393
8851,1,0.5498689079706105
8853,1,0.4856787515032699
8875,1,0.432414876964749
8876,0,0.3480781290420421
8877,1,0.7208358259268431
8878,0,0.2100144568463066
8879,1,0.39580460560678216
8880,0,0.12557173979447908
8881,1,0.5745039244254064
8882,1,0.38944170574382897
8883,0,0.28656578308630676
8884,1,0.6122470994246194
8885,0,0.3127692116565714
8887,1,0.5424483942022529
8888,1,0.4600477708214217
8889,1,0.4905984005963156
8890,1,0.6266629598811719
8891,1,0.39794640334989645
8892,1,0.41908524577769757
8893,0,0.332169733189985
8894,1,0.44325649726297717
8895,1,0.6800578691835749
8896,1,0.6529373085384491
8897,1,0.6196625516861374
8898,1,0.3677060892478265
8899,0,0.32489213155904045
8900,1,0.41063104964841884
8901,0,0.2375912779572961
8902,0,0.2945746950559714
8903,1,0.5633183954283322
8904,1,0.49528044944075766
8905,0,0.2377196980212295
8906,0,0.3048637222448452
8907,1,0.4016052577321292
8908,0,0.3110553529270986
8909,1,0.4937603096941374
8910,1,0.4632643983401544
8911,1,0.4693746552679155
8912,1,0.3965673071509269
8913,0,0.2913345764111182
8914,1,0.6269927669462024
8915,1,0.5012609711486694
8916,1,0.6195574602825142
8917,0,0.19030953550798363
8918,0,0.3099816288472968
8919,1,0.5217924024981601
8920,0,0.28914807702197315
8921,1,0.3615680822940663
8922,1,0.590830865955444
8923,0,0.32845830089698014
8924,1,0.7398994480065766
8925,1,0.5167417722830209
8926,0,0.3168108637746368
8927,0,0.34929124841267833
8928,1,0.5644873571842952
8929,1,0.5683846065478995
8930,1,0.7283543207463677
8931,1,0.7437209854743075
8932,1,0.3754432767857484
8933,1,0.3591287236802735
8934,1,0.7540703037232571
8935,1,0.6638306875666327
8936,1,0.38210121060406527
8937,1,0.5994257117034969
8938,1,0.5569309021266714
8939,1,0.3881019918388933
8940,1,0.5159013616535217
8941,0,0.30406600268953826
8942,1,0.385649465500029
8943,0,0.3152098119559111
8944,1,0.4351378815687871
8945,1,0.5350444288943532
8946,0,0.33127639520463076
8947,1,0.7550046384348165
8948,0,0.2747060925861194
8949,1,0.7526136085204322
8950,0,0.3147401598523337
8951,1,0.4515170607588422
8952,1,0.3742912558935441
8953,1,0.6123719762479454
8954,0,0.10391065598880692
8955,0,0.2449436698073359
8956,0,0.30952665377583577
8957,1,0.6849035180399595
8958,1,0.5875672924054487
8959,1,0.4502802088404121
8960,1,0.39511218344570237
8961,1,0.35490672512574456
8962,1,0.5034285466574804
8963,1,0.5597123773399731
8964,1,0.5035143064971406
8965,1,0.7679161554437585
8966,1,0.46054647050485903
8967,1,0.378963497533994
8968,1,0.40730446187989383
8969,1,0.4084883666031313
8970,1,0.4241457828923564
8971,0,0.325402602528438
8972,0,0.3485728807333752
8973,1,0.37554525404698014
8974,1,0.3824592744877077
8975,1,0.47656358156141965
8976,0,0.2624940760803687
8977,1,0.4555488388711413
8978,1,0.5151373231903866
8979,1,0.5393581673218577
8980,0,0.2533999164836452
8981,1,0.4549235372953504
8982,1,0.44075886194865727
8983,1,0.6587997947343958
8984,1,0.3538205460886939
8985,1,0.4332859372805949
8986,0,0.21697200662826133
8987,1,0.42279310519516605
8988,1,0.42636941912723275
8989,1,0.5524267426216141
8990,0,0.2682715851513198
8991,0,0.24528307640219105
8992,1,0.5522106169340569
8993,0,0.257127987611799
8994,1,0.598054627308045
8995,1,0.6651565054181479
8996,1,0.45232415068823467
8997,1,0.4009967890160924
8998,1,0.5932037137682681
8999,1,0.41644067377294064
9000,1,0.569966617639288
9001,1,0.7432686248522504
9002,1,0.4414512488260067
9004,1,0.4165092205392163
9005,0,0.19285269559872034
9006,1,0.44932191829832535
9007,1,0.37955069264973323
9008,1,0.5541901438731323
9009,0,0.3180030467238599
9010,1,0.7351357475471675
9011,1,0.6700594262744396
9012,1,0.5799136027320609
9013,0,0.2201010736179396
9014,0,0.18965917918703315
9015,0,0.250642723430244
9016,1,0.38734585594260235
9017,1,0.5228253963657788
9018,1,0.5433745078902715
9019,1,0.6322678877879168
9020,1,0.4410371143180272
9021,1,0.7028726360245415
9023,0,0.34582319487686153
9024,1,0.7725053860287531
9025,1,0.8267729303990364
9026,1,0.43494818958879256
9027,1,0.4160573488441698
9028,1,0.426562097270183
9029,1,0.47920514303818385
9030,0,0.3340736542608277
9031,0,0.2810852830159586
9032,1,0.6523712845907775
9033,0,0.32896814737659824
9034,0,0.29596197239034444
9035,1,0.6689212486074106
9036,1,0.5208920676137689
9037,0,0.31737770843465546
9038,0,0.2604017972033493
9039,1,0.7236135778597836
9040,1,0.6425418033866269
9041,1,0.46476845723122673
9042,1,0.46137211573585496
9043,1,0.5638569523688548
9044,1,0.6562092320500118
9045,1,0.41190610996192173
9046,1,0.4937415868390464
9047,0,0.2996565101223911
9048,1,0.35254110064421074
9049,1,0.5271089259282951
9050,1,0.4231909054224293
9051,1,0.6603603578297629
9053,1,0.6098255682653113
9054,0,0.2555548680221447
9055,0,0.18905983735859963
9056,1,0.5915081443221959
9057,1,0.450670428305459
9058,1,0.5451858682863555
9059,0,0.33864915016243374
9060,1,0.39225629369782494
9061,1,0.5114838821657691
9062,1,0.7098017531728801
9063,0,0.1416130684543683
9064,1,0.46945056836456095
9065,1,0.5657659512402601
9066,1,0.36586868848295756
9067,0,0.25678240585059137
9068,0,0.32984956337902477
9069,0,0.27943842591483403
9070,1,0.652067916860922
9071,1,0.4325329472020835
9072,0,0.1879223399576704
9073,1,0.7091677726273384
9074,0,0.2499264176309533
9075,1,0.6712287507883037
9076,1,0.4293405139916696
9077,1,0.5529236788666765
9078,1,0.508925947288325
9079,1,0.6067748973071422
9080,0,0.22386135612052085
9081,1,0.4281246704362012
9082,1,0.49132930469124136
9083,1,0.4392136640037279
9086,0,0.337523960919489
9087,1,0.45328797282541905
9088,0,0.282494050675549
9089,1,0.41317897389678976
9090,0,0.2964269680734633
9091,1,0.6341883610909966
9092,0,0.290621521954977
9093,1,0.6482790128364172
9094,1,0.5812880479504384
9095,1,0.4786133215106317
9096,0,0.2748783904084034
9097,1,0.7598713081206463
9098,0,0.3265749700254322
9099,0,0.22098956553315155
9100,1,0.3735749352385274
9101,1,0.6758759331082819
9102,1,0.5410424118504421
9103,1,0.3754598723029315
9104,0,0.33786132696196647
9105,1,0.6133041506207461
9106,1,0.6439212688648807
9107,0,0.27409266561450807
9108,1,0.6820166311375603
9109,1,0.4824528562400438
9110,0,0.09289248503110696
9111,1,0.4309972010696893
9112,0,0.2077056018025366
9113,1,0.4105876399479808
9114,1,0.5547670397180422
9115,1,0.5403759928608615
9116,1,0.6794590923952571
9117,1,0.4758475447903535
9118,1,0.5827579002237584
9119,1,0.5567804145684895
9120,1,0.6188860464907131
9121,0,0.3050877575048108
9122,0,0.29973498791333036
9123,1,0.7080629048091933
9124,0,0.2609547863306394
9125,0,0.18531188674712396
9126,0,0.25747599148984096
9127,1,0.42070435586057797
9128,0,0.32755852778321803
9129,1,0.6642272818890774
9130,1,0.3731536739124719
9131,1,0.5257593281864152
9132,1,0.4684998676521096
9133,1,0.47360073668229064
9134,1,0.48292246667073574
9135,0,0.2759676842941134
9136,1,0.6531852969227664
9137,0,0.26883583280911827
9138,0,0.29304216509761855
9139,1,0.6600436698133366
9140,1,0.35742808933034087
9141,0,0.34472531330858297
9142,1,0.4761349258931462
9143,1,0.5446018344251194
9144,1,0.6095422109831644
9145,1,0.5862804428562982
9146,1,0.6010380856061677
9147,1,0.5842001533359883
9149,1,0.41222646734759527
9150,1,0.7001763334028319
9151,1,0.5940244037649369
9152,0,0.31237748714002006
9153,1,0.41664520167281943
9154,1,0.38796028762528434
9155,1,0.6367066711353969
9156,1,0.6933362861559422
9157,0,0.24511789185741326
9158,1,0.43362499267637267
9159,1,0.4199166296042347
9160,1,0.4222356630360482
9161,1,0.5727684703656027
9162,1,0.5070294226036919
9163,1,0.6011436180624552
9164,1,0.6372549226929528
9165,1,0.42325980027587917
9167,1,0.6083127358967577
9168,1,0.35173833317586267
9169,1,0.6317930209527833
9170,1,0.5083876838693242
9171,1,0.5640191346506173
9172,0,0.27442039790213174
9173,1,0.4915467464209814
9174,1,0.6085883199954508
9175,1,0.5378281670120796
9176,1,0.46212491315585585
9177,1,0.5721252534849778
9178,1,0.37299733155084425
9179,1,0.3503770696901976
9180,1,0.6558260353229141
9181,0,0.29097278663381293
9182,1,0.4982898194798333
9183,1,0.6395897886039962
9184,1,0.5350677679052166
9185,1,0.6425004389414545
9186,1,0.5777506047144122
9188,1,0.4918446531706311
9189,1,0.529145146045213
9190,1,0.6609922312452505
9191,1,0.7321731780635448
9192,1,0.396447713716378
9193,1,0.5029616237584218
9194,0,0.319052725774212
9195,1,0.4454623722493968
9196,0,0.3077054356672643
9197,1,0.8116102511977835
9198,0,0.2831604434358869
9199,1,0.35899743893733993
9200,1,0.4862894278934502
9201,1,0.5851140550927821
9202,1,0.790454904614748
9203,1,0.5585965760193193
9204,0,0.2931069518758084
9205,1,0.49029002742551336
9206,1,0.6086898562843619
9207,0,0.3069566832007769
9208,1,0.5167497921333329
9209,0,0.3380654929161173
9210,1,0.5449315582023379
9211,1,0.35328645883647297
9212,1,0.5080517485643011
9213,0,0.21497228369347002
9214,1,0.4778285620285231
9215,1,0.5733070118041931
9216,1,0.3961454567224386
9217,1,0.7098300561897835
9218,1,0.5443185887659411
9219,0,0.23252818654241883
9220,0,0.24665786104455092
9221,1,0.5795410662401335
9222,1,0.47156275207186893
9223,1,0.3586538837107105
9224,1,0.42473802342795103
9225,1,0.3690709150902363
9226,1,0.3891081971916395
9227,1,0.557152589383064
9228,1,0.39206501938921245
9229,0,0.30333297690926847
9230,0,0.31576759473773924
9231,0,0.32982173699234363
9232,1,0.526982217567721
9233,1,0.6402299221682063
9234,1,0.6782294848340419
9235,1,0.706455517559053
9236,1,0.38677048671912395
9237,1,0.38521125338638496
9238,0,0.21184645250800344
9239,1,0.7895152232498567
9240,1,0.6468766343234833
9241,1,0.5355062990015463
9242,1,0.5558002861687982
9243,1,0.791611527044372
9244,1,0.42683284533164617
9245,0,0.23231065909402102
9246,1,0.3875916357996729
9247,0,0.057477288315389334
9248,0,0.2134555415859859
9249,1,0.45928561264506157
9250,1,0.6926696452830988
9251,1,0.67309041618018
9252,1,0.48739894067228845
9253,1,0.6712510577940284
9254,1,0.5646885446272806
9255,1,0.5281635439665526
9256,1,0.7576131968801803
9257,1,0.5696184510603967
9258,1,0.46416379993224455
9259,1,0.5335871026547951
9260,1,0.3873290163045399
9261,1,0.5366106718521482
9262,1,0.5636184032743826
9263,1,0.5174036057840044
9267,0,0.2894613309391266
9268,0,0.2879151989236056
9269,1,0.6245519979127163
9270,1,0.4476610675341106
9271,1,0.4803657669436519
9272,1,0.6330792402539056
9273,0,0.29240251252660343
9274,1,0.3716807369461814
9275,0,0.3472394703743395
9276,0,0.27890130252139106
9277,1,0.5121613374221744
9278,1,0.4932919710085439
9279,1,0.3707150628479312
9280,0,0.29793412376051254
9281,1,0.42821415997784795
9282,1,0.7874694514074423
9283,1,0.4713484829250739
9284,0,0.2352405536951599
9328,1,0.6081571229605671
9329,1,0.5443674846920467
9330,1,0.5148825410720157
9331,0,0.3324271905124138
9332,1,0.42154101234795005
9333,1,0.37382539143408483
9334,1,0.3645161749038763
9335,1,0.6457886951769103
9337,0,0.26602693595392524
9338,1,0.6568632331677796
9339,1,0.3853455374276979
9340,1,0.4540050098766567
9341,1,0.6340642391683449
9342,1,0.3561445056590748
9343,1,0.3726115110422042
9344,1,0.6069023862647444
9345,1,0.3690452485267718
9346,0,0.34650569983740825
9347,1,0.45769066420397503
9348,1,0.5718273375912268
9349,1,0.47334999739741185
9350,1,0.5220165322725492
9351,1,0.4973772013692451
9352,0,0.3360213192910546
9353,1,0.49266342302992044
9354,0,0.23211994703794778
9355,1,0.36364014536196393
9356,1,0.38204377169482107
9357,1,0.3729377575254272
9358,0,0.2639652593146632
9359,1,0.3912992057849753
9360,1,0.5682632239389458
9361,1,0.5353247955898023
9362,1,0.721667986239759
9363,1,0.5644113595767835
9364,1,0.6331785078812722
9365,0,0.12892760366417017
9366,1,0.5391807588898556
9367,1,0.4519785049243744
9368,1,0.49240022508427195
9369,0,0.26081171942682907
9370,1,0.42875806259040633
9371,1,0.47796586091495696
9372,1,0.5397543685964646
9373,1,0.37117602552517226
9374,0,0.34033425396422196
9375,1,0.7889200032491798
9376,0,0.2921966531932523
9377,0,0.16331486633843864
9378,1,0.5944509130646823
9379,1,0.35879166385432576
9380,1,0.5467916657022697
9381,1,0.3790216232318478
9382,0,0.1279968663944535
9383,1,0.40570570606359496
9384,1,0.40129213751087744
9385,1,0.571455982508951
9386,0,0.34440152502129906
9387,1,0.4456127917964343
9388,1,0.5084916578149286
9389,0,0.2372310134700959
9390,0,0.2681082093214931
9391,0,0.301803058959413
9392,1,0.5517963233446391
9393,1,0.43747593720873656
9394,1,0.48488890575650495
9395,1,0.42055323378400084
9396,1,0.7819785159382261
9397,0,0.30144126072080085
9398,1,0.667728941704697
9399,1,0.503766466713756
9400,0,0.3259888199321283
9401,1,0.7227377348821779
9402,1,0.3963291197304756
9403,1,0.50507838643661
9404,0,0.1922806738283064
9405,1,0.4220952835881925
9406,1,0.4765125082927658
9407,1,0.659999918002917
9408,1,0.37429928893460584
9409,1,0.705138320954943
9410,1,0.48990626150926037
9411,1,0.4966215440447819
9412,1,0.3762126201416427
9413,1,0.39132082372342225
9414,1,0.4569143767874792
9415,1,0.7060609807416401
9416,1,0.5227367254192636
9417,0,0.2649832480713817
9418,1,0.5856412357819967
9419,1,0.4770908865087713
9420,1,0.559974351391272
9421,1,0.5101346868440959
9422,1,0.641293297764598
9423,1,0.5012552351500661
9424,0,0.33593701890648003
9425,1,0.46291495615917994
9426,0,0.3129519808044915
9427,1,0.6490525851017251
9428,1,0.4417276790254836
9429,1,0.4490623921022351
9430,1,0.6352077279064672
9431,1,0.575721115738038
9432,1,0.5692201489746309
9433,0,0.24554869373034982
9434,1,0.3759750818383293
9435,1,0.6816440488857917
9436,1,0.525658868208797
9437,1,0.4019941503971467
9438,0,0.17766575488305206
9439,1,0.6090832900394559
9440,0,0.30252255687419266
9441,1,0.39661532647721126
9442,1,0.49096741879332084
9443,1,0.5479602449835141
9444,1,0.6297108018813922
9445,1,0.5631198018268385
9446,1,0.566732883075438
9447,1,0.3613444035357587
9448,1,0.39768417261995553
9449,1,0.46296137882285726
9450,1,0.4421353101983723
9451,1,0.4659170724561022
9452,1,0.5256237358807503
9453,0,0.18475015963988664
9454,1,0.36831681375297953
9455,1,0.5184305451107774
9456,1,0.5398347131435285
9457,0,0.2549800824477428
9458,1,0.7729059022580401
9459,0,0.2831155063522388
9460,1,0.4768818276850351
9461,1,0.3635067723891858
9462,0,0.2542896770857829
9463,1,0.48487739786136175
9464,1,0.6275344094338435
9465,1,0.6136297141292766
9466,1,0.44170179411067717
9467,1,0.6559644168537743
9468,1,0.4527464324017172
9469,1,0.47905111909453174
9470,0,0.1828055324385267
9471,1,0.5385600050958885
9472,0,0.20050039616006474
9473,1,0.36981792521556167
9474,1,0.47933253685306054
9475,1,0.7102978948407288
9476,0,0.28516009438241535
9477,1,0.5521552358884899
9478,1,0.722318964709391
9479,1,0.76060307053539
9480,1,0.5314460725741674
9481,1,0.3746100610268578
9482,1,0.47620755784631713
9483,1,0.4118886245890099
9484,1,0.5583782865675274
9485,1,0.7383393923157251
9486,1,0.5963287489132839
9487,0,0.272668914848542
9488,1,0.5979537579530207
9489,1,0.4284903097295267
9490,1,0.6482414075277205
9491,0,0.33850632944847836
9492,1,0.4560407823511451
9493,0,0.31024847154075264
9494,1,0.7845020210523926
9495,1,0.46085059517683025
9496,1,0.6397090345390565
9497,1,0.6099274060792614
9498,1,0.526181550456573
9499,0,0.2978712690144158
9500,1,0.47496835916863434
9501,1,0.5551693128041658
9502,1,0.3530031719434059
9503,1,0.5138904888063046
9504,0,0.3071311858363829
9505,1,0.41183929677860714
9506,1,0.4770875201779338
9507,1,0.5000981390374611
9508,1,0.6624244733911712
9509,1,0.38015630239751896
9510,0,0.246675392767961
9511,1,0.3820904598335534
9512,1,0.5603813011797715
9513,1,0.3616657902819613
9514,1,0.4568995652746097
9515,1,0.572158113317631
9516,1,0.3717773828817084
9517,0,0.32355213507225056
9518,1,0.6453430099865689
9519,0,0.33462342722905064
9520,1,0.47534194520978046
9521,1,0.5378668005610082
9522,1,0.5317387165486529
9523,1,0.38594734701457434
9524,1,0.49909033743909464
9525,0,0.19924130835969742
9526,1,0.6735319238599797
9527,1,0.5273376836348338
9528,1,0.47680472909673044
9529,1,0.5269908468311246
9530,1,0.5991184653964686
9531,1,0.5781243081407205
9532,1,0.7377861954314475
9533,0,0.3067794971278747
9534,1,0.6980260776659234
9535,1,0.43018468364893214
9536,0,0.22707117857199982
9537,0,0.27901450638371633
9538,1,0.5346712334496202
9539,1,0.5826700702900867
9540,1,0.3597458285847887
9541,1,0.7304597418655225
9542,1,0.573376636830136
9543,1,0.6156297979220918
9544,1,0.5572303786286277
9545,1,0.6166448415073443
9546,1,0.7433464897822007
9547,1,0.7585887507396649
9548,1,0.6450385701524746
9549,0,0.2512978807451053
9550,1,0.4693645303511314
9551,1,0.5678426750181306
9552,1,0.42796882056183
9553,1,0.5235293778976985
9554,1,0.6987522572749404
9555,0,0.3121427970052216
9556,1,0.7834828673593801
9557,1,0.5889145724841578
9558,1,0.41251503821794294
9559,1,0.42982907885871535
9560,1,0.5214743600645697
9561,0,0.346998335569649
9562,0,0.16069926681260785
9563,1,0.3836439097680908
9564,1,0.43726721307458183
9565,1,0.47326313888686256
9566,1,0.5221497891790501
9567,1,0.6357299265575447
9568,0,0.3271411584521302
9569,0,0.3429048235049451
9570,1,0.4614848193249289
9571,0,0.3427394094103239
9572,1,0.3612171932979677
9573,1,0.6825311758816447
9574,1,0.385724313350358
9575,0,0.21727001860634076
9576,0,0.10009091194499482
9577,0,0.21936709459877018
9578,1,0.3659101510777597
9579,0,0.14153378351930232
9580,0,0.3110455586941143
9581,1,0.48908835236312986
9582,1,0.39157712144075063
9583,1,0.4884175468749923
9584,1,0.39234624819918557
9585,1,0.4636628911007258
9586,1,0.6836482045709785
9587,1,0.7138600992984742
9588,0,0.29951890226849304
9589,1,0.6029171891887434
9590,1,0.5898676202009745
9591,0,0.29753488784911053
9592,1,0.6119996457545802
9593,1,0.5286041624724194
9594,1,0.4604860460416909
9595,1,0.550634292637382
9596,1,0.37474516229566035
9597,1,0.4303539868072934
9598,1,0.569225503795704
9599,1,0.38865421545307316
9600,0,0.3131540196693983
9601,0,0.18629644409230836
9602,1,0.40307469726110706
9603,0,0.17887690903350778
9604,1,0.7154102366750543
9605,1,0.7660582502274652
9606,1,0.6552627797972688
9607,1,0.4441405588810183
9608,1,0.49692568861038733
9609,1,0.5085627294580682
9610,1,0.4778708006130454
9611,1,0.5875498618668129
9612,0,0.26444887692327024
9613,1,0.5920734945114802
9614,1,0.3887235060676654
9615,0,0.34228517452307683
9616,0,0.20038937271073157
9617,1,0.5497910318518183
9618,0,0.20945764988090954
9619,1,0.41152727068016676
9620,0,0.3485909215548419
9621,1,0.3537461603095242
9622,1,0.3975778956046442
9623,1,0.5584273099192772
9624,1,0.5089981668801765
9625,1,0.47592830836020433
9626,0,0.2465938294075233
9627,1,0.3863555740019418
9628,1,0.7455990264203115
9629,0,0.1940032541541632
9630,1,0.49635563742095273
9631,0,0.34787862713637735
9632,1,0.49572139813900745
9633,1,0.5135817542443218
9634,1,0.48935178900774834
9635,0,0.3093792595335392
9636,1,0.6073678194456714
9637,1,0.5045562956187915
9638,1,0.39793444645290105
9639,1,0.4755285052726288
9640,1,0.4678311545833421
9641,1,0.46895754390133104
9642,0,0.3014799724416628
9643,1,0.516476601625309
9644,1,0.6288147452596291
9645,1,0.520529716524827
9646,1,0.5200288491543459
9647,1,0.5920981594377741
9648,1,0.4880322070989783
9649,1,0.45534757517751995
9650,1,0.42885476462402045
9651,0,0.3426781571499527
9652,1,0.6047500420909382
9653,1,0.42589950281917216
9654,1,0.40093012843390563
9655,0,0.34354792079956914
9656,1,0.40062199624802697
9657,1,0.4956572993573318
9658,1,0.8115880941293162
9659,1,0.6264491347869814
9660,1,0.590112047526929
9661,1,0.39777363628397305
9662,1,0.7770795073405572
9663,0,0.25181610673339977
9664,1,0.5191608696892064
9665,1,0.6489854303963474
9666,1,0.4818882198358604
9667,1,0.45606026578739145
9668,0,0.34308602113336095
9669,0,0.1553295506056681
9670,1,0.589604192395103
9671,0,0.280919756023445
9672,1,0.4192363272557577
9673,1,0.5363670683984095
9674,0,0.3032693865588725
9675,1,0.7047297081661975
9676,0,0.2522394720520915
9677,1,0.4213633508007456
9678,0,0.136392895187701
9679,1,0.5310446472176462
9680,1,0.36089221742912236
9681,1,0.5586814425691601
9682,0,0.2105099467331951
9683,1,0.3599214686878966
9685,1,0.4135778943850266
9686,1,0.5769232987638583
9687,1,0.6788454408754765
9688,0,0.26131453375234964
9693,0,0.2068402999946211
9694,0,0.32594922947628824
9695,1,0.72281283411066
9696,1,0.4968190045757547
9697,0,0.30676592626337773
9704,1,0.8180309325526045
9705,1,0.48075453518248873
9707,1,0.6550806774158352
9708,1,0.7557013592095022
9710,1,0.5023159142507525
9711,1,0.5848290587542894
9713,1,0.35540442956972806
9714,1,0.6568054714392729
9715,1,0.49167651240581006
9717,0,0.3171214545331309
9718,1,0.7140827024063078
9719,0,0.1495567971836031
9720,0,0.2562079974872309
9721,1,0.6827356789970301
9722,1,0.6969436777657312
9724,1,0.5598359515299574
9725,1,0.6146657359850008
9726,1,0.40412961660828534
9727,1,0.6194600016706996
9728,1,0.6053798407066203
9731,1,0.5193296746589984
9732,1,0.45176902078360154
9733,1,0.4725548005593762
9735,1,0.5718847520843754
9740,1,0.6028861720798755
9741,0,0.3285297192735103
9744,0,0.3109510451371448
9745,1,0.45254506123478355
9749,0,0.21156094984754792
9754,1,0.6547499334257553
9757,1,0.7413034547464414
9758,1,0.6978743823812856
9762,1,0.5181629116125233
9763,1,0.6174699137533735
9764,1,0.645786255768781
9765,1,0.43548218658916077
9766,1,0.5604605815190012
9768,0,0.3186719577224508
9783,1,0.6287756522691005
9784,1,0.5678611857298185
9785,0,0.2169627476354992
9786,0,0.25527920414895255
9787,0,0.2633762715539671
9788,1,0.3667680945768804
9789,1,0.3634792371715933
9790,0,0.331829175229334
9791,1,0.4947111509737257
9792,0,0.2609565861509984
9793,0,0.17751069920536625
9794,0,0.3410056191620901
9795,0,0.34440680816767033
9796,1,0.3953831263304078
9797,1,0.4169326477918416
9798,1,0.4433305765591668
9799,1,0.395850855129699
9800,1,0.6617481421939515
9801,1,0.3721584994111982
9802,1,0.6046088016253455
9803,1,0.46548223464379207
9804,1,0.5946015855425245
9805,1,0.45171349202049604
9806,1,0.5444715267728802
9807,0,0.3348087338844969
9808,1,0.5029963218574349
9809,1,0.5757411887333458
9810,1,0.4152761160791445
9811,1,0.45121181004207994
9812,1,0.5469135708490734
9813,1,0.39072061963487126
9814,1,0.6223560194736877
9815,1,0.4430497888604481
9816,0,0.25290385351681754
9817,1,0.6569244531942939
9818,1,0.7249384144647236
9819,0,0.10930722824937981
9820,1,0.5763580734286732
9821,1,0.4215124563721406
9822,1,0.3952787175293017
9823,1,0.5229012738467825
9824,1,0.44463933587517357
9825,1,0.5577421375172351
9826,1,0.5106053423020297
9827,0,0.2868442550109797
9828,0,0.1556166244651551
9829,1,0.5712300175117294
9830,1,0.5847924732203575
9831,1,0.3674036299483005
9832,0,0.27847886070553257
9833,1,0.5878379480395931
9834,0,0.22507150910548207
9835,0,0.21414028717402975
9836,1,0.37676115703707447
9837,0,0.2444578608388983
9838,0,0.3422432402707028
9839,0,0.32068275384180606
9840,0,0.3175235507196068
9841,0,0.18282359850756666
9842,1,0.6716844682081495
9843,1,0.5014942766638738
9844,0,0.23055215321940267
9845,1,0.3750975118163525
9846,1,0.6213200516304358
9847,1,0.6936042387031417
9848,1,0.38638124311500643
9849,1,0.543925647720503
9850,1,0.49663672185076024
9851,1,0.3933676405493124
9852,1,0.5010642333773982
9853,1,0.604547617887976
9854,1,0.3834679494859434
9855,0,0.27920947195974294
9856,1,0.38840756196097204
9857,1,0.689720977816071
9858,1,0.4551609143427028
9859,1,0.6347668027909232
9860,1,0.63499432201946
9861,0,0.17216918273689047
9862,1,0.4010310996135061
9863,0,0.3021977295841147
9864,1,0.5791642252214758
9865,0,0.300050800349122
9866,1,0.6298653941881951
9867,1,0.506634141132802
9868,0,0.15070077370255042
9869,1,0.5618876860738615
9870,1,0.6952319282593786
9871,1,0.6035597951960335
9872,1,0.6852421867881117
9873,0,0.2104600126288873
9874,1,0.4130648075473425
9875,0,0.3030047216427267
9876,1,0.3674073946807365
9877,0,0.22820318692269936
9878,1,0.6508601849482786
9879,0,0.3391917633065393
9880,1,0.3893560884418727
9881,1,0.6153652124096572
9882,0,0.33794306148953845
9883,1,0.4947573080247977
9884,0,0.1770925044089243
9885,1,0.5224331548391292
9886,0,0.26170207450775756
9887,0,0.27028120320316157
9888,1,0.7709393472295437
9889,1,0.39974817925189443
9890,0,0.2693810403572075
9891,1,0.6548996883035564
9892,1,0.6233165948508422
9893,1,0.7036438040585323
9894,0,0.28089115138879334
9895,1,0.35202812817538354
9896,0,0.286933832740758
9897,1,0.4321138727127681
9898,1,0.5735465657446017
9899,1,0.47903668504117525
9900,1,0.4212218293920746
9901,1,0.5670936756603016
9902,1,0.43350970178298215
9903,1,0.6191230416179296
9904,1,0.5053958307558201
9905,1,0.5219767271705683
9906,1,0.5580245901772071
9907,1,0.6799602007169641
9908,1,0.5992174397755814
9909,0,0.15506504805446497
9910,0,0.17181251160489516
9911,0,0.29517512332845897
9912,1,0.3828639965426244
9913,1,0.441178434993996
9914,1,0.41858514305160477
9915,1,0.3925294275754221
9916,1,0.5030227287966972
9917,1,0.7917169614690489
9918,1,0.5602280781715091
9919,0,0.20454868866629292
9920,0,0.2636608007254662
9921,1,0.5690223439705384
9924,1,0.35032628338114835
9925,1,0.4267720769672978
9926,1,0.5894521131332396
9927,1,0.5736507215122437
9928,0,0.13725765731907386
9929,1,0.4482303068773574
9930,1,0.43902397627184536
9931,0,0.18405737528550367
9932,1,0.71911277619945
9933,1,0.5569630068811992
9934,1,0.5146021179962534
9935,1,0.40377186435275997
9936,0,0.2674424735163391
9937,1,0.6107247117903273
9938,1,0.5900331305693342
9939,1,0.5262318562915704
9940,0,0.3339491225068863
9941,1,0.5587204802856984
9942,1,0.5615382431868307
9943,1,0.5749952485597858
9944,1,0.6588171517399302
9945,1,0.42295276058001496
9946,1,0.5214858428443373
9947,1,0.4159899921765175
9948,0,0.11525379705668573
9949,1,0.6625865286102
9950,1,0.543466526997906
9951,0,0.339922939095691
9952,1,0.6164666142243711
9953,1,0.6252639868679981
9954,1,0.42206426805268543
9955,0,0.2651462225354532
9956,1,0.5203100314029127
9957,1,0.4641124614494063
9958,1,0.6046886550398161
9959,1,0.4098658728615104
9960,1,0.720112381794666
9961,1,0.49611287264080783
9962,0,0.2796371050469543
9963,1,0.3698368010463335
9964,1,0.5236195158904882
9965,1,0.6320691052417843
9966,1,0.6410249340487744
9967,1,0.5992531215798881
9968,1,0.41225391566406505
9969,1,0.4584289561531166
9970,1,0.40295662661579995
9971,1,0.8125211262221641
9972,1,0.6264704670429599
9973,1,0.5177502956790156
9974,0,0.18036202902949838
9975,1,0.5699230523403218
9976,1,0.627494722893022
9977,1,0.4583323980156648
9978,1,0.48297855803214496
9979,1,0.42910909293167465
9980,1,0.36118035757502964
9981,0,0.19358121528864433
9982,0,0.31380348407183545
9983,1,0.37962945965281175
9984,1,0.7596023801958316
9985,1,0.6084458626758623
9986,1,0.48995865308041514
9987,1,0.5231972114168881
9989,1,0.4017236624220868
9990,1,0.5531158671722066
9991,1,0.3995542538109531
9992,1,0.5142325654953479
9993,1,0.37279660789957314
9994,0,0.13979121802864558
9995,1,0.48366775236036336
9996,0,0.3035705684580044
9997,1,0.35758584368356205
9998,1,0.4346291449184314
9999,0,0.26884585225745083
10000,1,0.6499955557535922
10001,1,0.3563455057789893
10002,1,0.4712893359982051
10003,0,0.32718035756702835
10004,1,0.527613580590538
10005,0,0.20457342269793907
10006,0,0.28833374412303564
10007,0,0.23782812536253065
10008,1,0.5841087025709778
10009,1,0.5793935667066015
10010,1,0.49546329789050886
10011,0,0.3076967845734076
10012,1,0.6567835750508535
10013,1,0.43190212450360344
10014,1,0.6356158672950432
10015,0,0.23904438579680584
10016,0,0.29308911728270465
10017,1,0.6119567497701521
10018,1,0.6457614029593991
10019,1,0.45152214531355417
10020,0,0.2746000279384774
10021,1,0.5405239601058859
10022,1,0.6360227520967354
10023,1,0.48261677256574137
10024,1,0.4277975384550235
10025,1,0.42698437298645037
10026,1,0.5749059784048203
10027,1,0.4256844340762453
10028,0,0.10579017067163203
10029,1,0.6482174266932554
10030,1,0.47244445432305543
10031,1,0.7822431188393371
10033,1,0.7348021000713274
10034,1,0.47521932989063403
10035,0,0.3383518143311488
10036,1,0.6958828512909486
10037,1,0.360644536604827
10038,1,0.4942412015279061
10039,1,0.7966351733587712
10040,1,0.5013885311608642
10041,1,0.5685598016499492
10042,1,0.5037563089467538
10043,1,0.6069992432370384
10044,0,0.3380654929161173
10045,1,0.38342224296740285
10046,1,0.45118185654697057
10047,0,0.32509419211872537
10048,1,0.6414785438483913
10049,1,0.6267944841116668
10050,1,0.41607820641617016
10051,1,0.500505674756782
10052,0,0.264297665171869
10053,1,0.7359428712813384
10055,1,0.4251918676090086
10056,1,0.3949873833673777
10057,1,0.5632670567865545
10058,0,0.276813454174375
10059,0,0.3190403155778004
10060,1,0.4967951349343891
10061,1,0.4734186738032705
10062,1,0.38132971771239543
10063,0,0.19603693568499472
10064,1,0.5033243090502147
10065,1,0.5684156037049849
10066,1,0.44065744416400554
10067,1,0.5706546343935184
10068,1,0.7916123536044465
10069,0,0.33765422999002564
10070,0,0.28955788660141085
10071,1,0.534857106105043
10072,1,0.7052209523895187
10073,0,0.18129964191452777
10074,1,0.5522128263265843
10075,1,0.5226694596266668
10076,1,0.6051275251804217
10077,1,0.40026723885813303
10078,1,0.5068605283288901
10079,0,0.2400543274141023
10080,1,0.6391395001817164
10081,1,0.6157224266077669
10082,1,0.40157417788417
10083,0,0.32746364447895976
10084,1,0.5354344197680536
10085,1,0.6874951657747754
10086,1,0.64061963785896
10087,0,0.23971375445476137
10088,1,0.4332998913151988
10089,1,0.6701711269054351
10090,0,0.24691165978852864
10091,1,0.7052791169379075
10092,1,0.5069352730183242
10093,1,0.6856860081262027
10094,0,0.15481290189212232
10095,1,0.5909339455691521
10096,1,0.6346686777549444
10097,0,0.3331217166642528
10098,1,0.7906462827497642
10099,1,0.4981052800192102
10100,1,0.8391801176457324
10101,1,0.5911753250831638
10102,1,0.44245816554448314
10103,1,0.4303777485364239
10104,1,0.40324122413349106
10105,1,0.36075306884338054
10106,1,0.4543888897259918
10107,1,0.5597000562272473
10108,1,0.5291839276873022
10109,1,0.3567530053926751
10110,0,0.1945905208122225
10111,0,0.18578613996262597
10112,0,0.15143613756732577
10113,1,0.4284416915744628
10114,0,0.31120142268897694
10115,0,0.3316788726615159
10116,0,0.2275113741042763
10117,1,0.3858837087640014
10118,1,0.4621257476151281
10119,1,0.615128165751842
10120,0,0.2605860989304352
10121,1,0.572634605269271
10122,1,0.406384421067597
10123,1,0.3946762011418076
10124,1,0.6914556753447115
10125,1,0.7106396498071165
10126,0,0.26789577896242456
10127,1,0.48771314436721275
10128,1,0.37658987478167266
10129,1,0.6857493985750871
10130,1,0.5249664322021086
10131,1,0.7315471358720894
10132,1,0.4123512056237696
10133,1,0.5504269664775178
10134,1,0.5775804810416615
10135,1,0.7398161194300383
10136,0,0.14620932848782237
10140,1,0.6020458618638062
10141,1,0.738301467824206
10142,1,0.5020876316907666
10143,1,0.5415796370157292
10144,1,0.44632520105038603
10145,1,0.3678904918947114
10146,1,0.3620239311785674
10147,1,0.7794686535060787
10148,1,0.6018752177853254
10149,0,0.30065690344642315
10150,0,0.20131291689539976
10151,1,0.6026707061528237
10152,0,0.3248377214531443
10153,1,0.7738848937855402
10154,0,0.32237036103563577
10155,0,0.22238694025121974
10156,1,0.5556185352933799
10157,1,0.7000816042811111
10158,1,0.4789803446625041
10159,1,0.5429514499594691
10160,1,0.7040524667787625
10161,1,0.6056498346510928
10162,1,0.4718493713352803
10163,1,0.6978566822361566
10164,1,0.5103630737577679
10165,0,0.3345813157966498
10166,1,0.3858994603090525
10167,1,0.6629594937583404
10168,1,0.38616520951272904
10169,1,0.6895141257069708
10171,1,0.7796057188726107
10172,1,0.6854241452113119
10173,1,0.40821707130371154
10174,1,0.5788542325210507
10175,1,0.39560889888758854
10176,1,0.5908079693600553
10177,1,0.5537622595418229
10178,1,0.4832724278515761
10179,1,0.5892762101162665
10180,1,0.6755842696255425
10181,1,0.6484212064753803
10182,1,0.615801668836192
10183,1,0.6361316525836959
10184,1,0.5618399873439333
10185,0,0.3335769676153287
10186,1,0.5178224123638839
10188,1,0.38100101903049327
10189,1,0.6823341256157803
10190,1,0.47531869832112666
10191,0,0.3158946950277717
10192,1,0.6930365964184887
10193,0,0.34790952569981215
10194,0,0.12731765225910796
10195,0,0.23757683333132468
10196,0,0.29152733776901696
10197,1,0.36523641569468324
10198,1,0.5134637671997574
10199,0,0.3074355020238122
10200,1,0.730798432846799
10201,1,0.603691921259392
10202,1,0.6140929633491758
10203,1,0.4721832594072234
10204,1,0.5638926449186107
10205,1,0.6501065435254447
10206,1,0.45242994687767185
10207,0,0.2369507593243265
10208,1,0.5598751589378042
10209,0,0.1520262551884181
10210,0,0.2530848764064095
10211,1,0.3980909271725035
10212,1,0.5931916087720946
10213,1,0.43270845099310723
10214,1,0.3960728991441673
10215,1,0.7222000651983302
10216,0,0.23141243000448639
10217,1,0.5798266726440344
10218,0,0.23913922384522154
10219,0,0.2412607984674554
10220,1,0.7475960557238422
10221,1,0.39923910526332607
10223,1,0.4803574442084978
10224,0,0.23386516857653805
10225,1,0.4055959764347062
10260,0,0.3179965075554822
10268,0,0.2650640898235763
10269,1,0.5982349025573784
10270,1,0.5513598392838529
10271,1,0.436682714500284
10272,1,0.4239310249340104
10273,0,0.2050131514147973
10274,1,0.5497716480506009
10275,1,0.5759342152226247
10276,0,0.3388514206563778
10277,0,0.3246661096009252
10278,1,0.6490484224867454
10279,1,0.42967136562755776
10280,1,0.47028057352884384
10281,1,0.5064312099445777
10282,1,0.5294569987930526
10283,1,0.48895687689869294
10284,0,0.33574862744025596
10285,0,0.34267336669194215
10286,1,0.481476725204842
10287,0,0.13586719059186717
10288,0,0.3453650329530723
10289,1,0.35508278793075193
10291,0,0.24689763707194443
10292,0,0.21281165103441127
10293,1,0.5776933711979785
10294,0,0.16460925427083697
10295,1,0.435583425977662
10296,0,0.2291817460034933
10297,1,0.3652332326067894
10298,0,0.3450198772631158
10299,1,0.50617690965649
10300,1,0.4241409514354079
10301,1,0.5778961002824251
10302,1,0.7541753594196116
10303,1,0.6909912384047939
10304,1,0.470198650535657
10305,1,0.5521657233590181
10306,0,0.34419022994777254
10307,1,0.6083150281063893
10308,1,0.3926547818706199
10309,0,0.3446909016556903
10310,0,0.29276330326278627
10311,0,0.3460761461149194
10312,1,0.4684064420027042
10313,1,0.49674916016739945
10314,1,0.7551124010155535
10315,1,0.5223693461124057
10316,1,0.7935444332145831
10317,1,0.4209444615441794
10318,1,0.541427442893241
10319,1,0.751277230291053
10320,1,0.4031587337121348
10321,0,0.27720446452478825
10322,1,0.6216361611302559
10323,1,0.6333572509645451
10324,1,0.7745123343099245
10325,0,0.2691395865771342
10326,0,0.23148825169824372
10327,0,0.2825655962873879
10328,1,0.5409080794526145
10329,1,0.49136317271439683
10330,1,0.42861910338823545
10331,0,0.24725348394577393
10332,0,0.1703683168411475
10333,1,0.5518423610355063
10334,1,0.5524763918187061
10335,1,0.647535245455256
10336,1,0.43649688175463214
10337,0,0.3358359865262422
10338,0,0.23401747815577872
10339,1,0.5071034475527025
10340,1,0.47723967237290726
10341,1,0.5958668075165459
10342,1,0.46202638873677665
10343,1,0.4141796108712311
10344,0,0.2531851547521727
10345,1,0.7032539600243298
10346,1,0.44824830925787507
10347,0,0.27708330808434295
10348,1,0.3764157746133681
10349,0,0.3264694350139875
10350,1,0.5234801940408772
10351,0,0.27060636044925657
10352,1,0.40637308783343007
10353,1,0.519768993236789
10354,0,0.17272506500022794
10355,0,0.22908357968641663
10356,1,0.5589850653457659
10357,1,0.6152065589558006
10358,1,0.5173757419299464
10359,1,0.4198882703283975
10360,0,0.24458781688999798
10361,1,0.5455664669876107
10362,1,0.4072408681573032
10363,1,0.6477544546235614
10364,1,0.5799841496733349
10365,1,0.5463009363966659
